Year,Journal_Name,DOI
2020,ADVANCED OPTICAL MATERIALS,10.1002/adom.201901360
2017,INTERNATIONAL FORUM OF ALLERGY & RHINOLOGY,10.1002/alr.21986
2017,ANATOMICAL SCIENCES EDUCATION,10.1002/ase.1696
2008,COMPUTER APPLICATIONS IN ENGINEERING EDUCATION,10.1002/cae.20145
2018,COMPUTER APPLICATIONS IN ENGINEERING EDUCATION,10.1002/cae.21915
2016,COMPUTER ANIMATION AND VIRTUAL WORLDS,10.1002/cav.1633
2017,COMPUTER ANIMATION AND VIRTUAL WORLDS,10.1002/cav.1727
2018,COMPUTER ANIMATION AND VIRTUAL WORLDS,10.1002/cav.1805
2018,COMPUTER ANIMATION AND VIRTUAL WORLDS,10.1002/cav.1812
2018,COMPUTER ANIMATION AND VIRTUAL WORLDS,10.1002/cav.1830
2018,COMPUTER ANIMATION AND VIRTUAL WORLDS,10.1002/cav.1838
2019,COMPUTER ANIMATION AND VIRTUAL WORLDS,10.1002/cav.1873
2019,COMPUTER ANIMATION AND VIRTUAL WORLDS,10.1002/cav.1880
2019,COMPUTER ANIMATION AND VIRTUAL WORLDS,10.1002/cav.1882
2020,COMPUTER ANIMATION AND VIRTUAL WORLDS,10.1002/cav.1920
2010,COMPUTER ANIMATION AND VIRTUAL WORLDS,10.1002/cav.324
2020,COLOR RESEARCH AND APPLICATION,10.1002/col.22509
2006,ELECTRONICS AND COMMUNICATIONS IN JAPAN PART II-ELECTRONICS,10.1002/ecjb.20304
2017,EUROPEAN JOURNAL OF PAIN,10.1002/ejp.910
2015,HUMAN FACTORS AND ERGONOMICS IN MANUFACTURING & SERVICE INDUSTRIES,10.1002/hfm.20566
2015,Human Factors & Ergonomics in Manufacturing & Service Industries,10.1002/hfm.20566
2014,JOURNAL OF THE SOCIETY FOR INFORMATION DISPLAY,10.1002/jsid.269
2018,JOURNAL OF THE SOCIETY FOR INFORMATION DISPLAY,10.1002/jsid.638
2018,JOURNAL OF THE SOCIETY FOR INFORMATION DISPLAY,10.1002/jsid.658
2018,JOURNAL OF THE SOCIETY FOR INFORMATION DISPLAY,10.1002/jsid.708
2018,JOURNAL OF THE SOCIETY FOR INFORMATION DISPLAY,10.1002/jsid.734
2019,JOURNAL OF THE SOCIETY FOR INFORMATION DISPLAY,10.1002/jsid.747
2019,JOURNAL OF THE SOCIETY FOR INFORMATION DISPLAY,10.1002/jsid.750
2019,JOURNAL OF THE SOCIETY FOR INFORMATION DISPLAY,10.1002/jsid.765
2020,JOURNAL OF THE SOCIETY FOR INFORMATION DISPLAY,10.1002/jsid.840
2020,PM&R,10.1002/pmrj.12206
2001,INTERNATIONAL JOURNAL OF HUMAN-COMPUTER STUDIES,10.1006/ijhc.2001.0475
2019,3D RECORDING AND INTERPRETATION FOR MARITIME ARCHAEOLOGY,10.1007/978-3-030-03635-5_13
2016,CURATING THE DIGITAL: SPACE FOR ART AND INTERACTION,10.1007/978-3-319-28722-5_10
1995,JOURNAL OF VLSI SIGNAL PROCESSING,10.1007/BF02407087
2017,ADVANCES IN APPLIED CLIFFORD ALGEBRAS,10.1007/s00006-016-0689-3
2018,PURE AND APPLIED GEOPHYSICS,10.1007/s00024-017-1755-z
2017,CHIRURG,10.1007/s00104-017-0465-5
2020,CHIRURG,10.1007/s00104-020-01188-6
2019,INTERNATIONAL JOURNAL OF ADVANCED MANUFACTURING TECHNOLOGY,10.1007/s00170-018-03237-1
2008,EXPERIMENTAL BRAIN RESEARCH,10.1007/s00221-007-1134-6
2012,EXPERIMENTAL BRAIN RESEARCH,10.1007/s00221-012-3048-1
2013,EXPERIMENTAL BRAIN RESEARCH,10.1007/s00221-012-3352-9
2017,EXPERIMENTAL BRAIN RESEARCH,10.1007/s00221-016-4846-7
2017,EXPERIMENTAL BRAIN RESEARCH,10.1007/s00221-017-4929-0
2001,WORLD JOURNAL OF SURGERY,10.1007/s00268-001-0127-z
2018,VISUAL COMPUTER,10.1007/s00371-018-1501-2
2019,JOURNAL OF NEUROLOGY,10.1007/s00415-019-09370-5
2020,BULLETIN OF VOLCANOLOGY,10.1007/s00445-020-01376-6
2016,SURGICAL ENDOSCOPY AND OTHER INTERVENTIONAL TECHNIQUES,10.1007/s00464-015-4278-7
2017,SURGICAL ENDOSCOPY AND OTHER INTERVENTIONAL TECHNIQUES,10.1007/s00464-016-5379-7
2017,SURGICAL ENDOSCOPY AND OTHER INTERVENTIONAL TECHNIQUES,10.1007/s00464-017-5500-6
2020,SURGICAL ENDOSCOPY AND OTHER INTERVENTIONAL TECHNIQUES,10.1007/s00464-019-06862-3
2020,SURGICAL ENDOSCOPY AND OTHER INTERVENTIONAL TECHNIQUES,10.1007/s00464-019-06887-8
2016,EUROPEAN SPINE JOURNAL,10.1007/s00586-016-4388-5
2012,JOURNAL OF NEURAL TRANSMISSION,10.1007/s00702-011-0757-8
2020,PERSONAL AND UBIQUITOUS COMPUTING,10.1007/s00779-020-01373-8
2019,ARTIFICIAL LIFE AND ROBOTICS,10.1007/s10015-019-00536-y
2013,VIRTUAL REALITY,10.1007/s10055-012-0216-3
2014,VIRTUAL REALITY,10.1007/s10055-014-0248-y
2014,VIRTUAL REALITY,10.1007/s10055-014-0249-x
2015,VIRTUAL REALITY,10.1007/s10055-015-0260-x
2015,VIRTUAL REALITY,10.1007/s10055-015-0270-8
2016,VIRTUAL REALITY,10.1007/s10055-016-0287-7
2016,VIRTUAL REALITY,10.1007/s10055-016-0288-6
2016,VIRTUAL REALITY,10.1007/s10055-016-0292-x
2016,VIRTUAL REALITY,10.1007/s10055-016-0295-7
2017,VIRTUAL REALITY,10.1007/s10055-016-0296-6
2018,VIRTUAL REALITY,10.1007/s10055-017-0313-4
2018,VIRTUAL REALITY,10.1007/s10055-017-0316-1
2018,VIRTUAL REALITY,10.1007/s10055-017-0329-9
2019,VIRTUAL REALITY,10.1007/s10055-018-0345-4
2019,VIRTUAL REALITY,10.1007/s10055-018-0346-3
2019,VIRTUAL REALITY,10.1007/s10055-018-0348-1
2019,VIRTUAL REALITY,10.1007/s10055-018-0364-1
2019,VIRTUAL REALITY,10.1007/s10055-018-0370-3
2019,VIRTUAL REALITY,10.1007/s10055-018-0371-2
2019,VIRTUAL REALITY,10.1007/s10055-018-0374-z
2019,VIRTUAL REALITY,10.1007/s10055-018-0376-x
2020,VIRTUAL REALITY,10.1007/s10055-019-00389-7
2020,VIRTUAL REALITY,10.1007/s10055-019-00401-0
2019,VIRTUAL REALITY,10.1007/s10055-019-00407-8
2019,VIRTUAL REALITY,10.1007/s10055-019-00409-6
2020,VIRTUAL REALITY,10.1007/s10055-019-00411-y
2019,VIRTUAL REALITY,10.1007/s10055-019-00412-x
2020,VIRTUAL REALITY,10.1007/s10055-020-00432-y
2020,VIRTUAL REALITY,10.1007/s10055-020-00433-x
2020,VIRTUAL REALITY,10.1007/s10055-020-00440-y
2020,VIRTUAL REALITY,10.1007/s10055-020-00449-3
2019,UNIVERSAL ACCESS IN THE INFORMATION SOCIETY,10.1007/s10209-017-0581-5
2019,COGNITIVE PROCESSING,10.1007/s10339-019-00903-4
2004,JAPANESE JOURNAL OF OPHTHALMOLOGY,10.1007/s10384-003-0001-7
2020,EDUCATION AND INFORMATION TECHNOLOGIES,10.1007/s10639-019-10050-0
2020,EDUCATION AND INFORMATION TECHNOLOGIES,10.1007/s10639-020-10119-1
2016,JOURNAL OF AUTISM AND DEVELOPMENTAL DISORDERS,10.1007/s10803-016-2830-5
2018,JOURNAL OF COMPUTER-AIDED MOLECULAR DESIGN,10.1007/s10822-018-0123-0
2020,JOURNAL OF INTELLIGENT & ROBOTIC SYSTEMS,10.1007/s10846-019-01054-6
2016,JOURNAL OF MEDICAL SYSTEMS,10.1007/s10916-016-0475-8
2020,JOURNAL OF MEDICAL SYSTEMS,10.1007/s10916-020-01550-5
2019,JOURNAL OF SCIENCE EDUCATION AND TECHNOLOGY,10.1007/s10956-019-09781-z
2018,MOBILE NETWORKS & APPLICATIONS,10.1007/s11036-017-0834-9
2009,MULTIMEDIA TOOLS AND APPLICATIONS,10.1007/s11042-008-0223-2
2016,MULTIMEDIA TOOLS AND APPLICATIONS,10.1007/s11042-016-3520-1
2018,MULTIMEDIA TOOLS AND APPLICATIONS,10.1007/s11042-017-5328-z
2018,MULTIMEDIA TOOLS AND APPLICATIONS,10.1007/s11042-018-5730-1
2019,MULTIMEDIA TOOLS AND APPLICATIONS,10.1007/s11042-018-6403-9
2020,MULTIMEDIA TOOLS AND APPLICATIONS,10.1007/s11042-019-08220-w
2020,MULTIMEDIA TOOLS AND APPLICATIONS,10.1007/s11042-019-08390-7
2020,MULTIMEDIA TOOLS AND APPLICATIONS,10.1007/s11042-019-7331-z
2020,MULTIMEDIA TOOLS AND APPLICATIONS,10.1007/s11042-020-09026-x
2020,JOURNAL OF SUPERCOMPUTING,10.1007/s11227-018-2615-z
2018,WIRELESS PERSONAL COMMUNICATIONS,10.1007/s11277-017-4954-0
2019,WIRELESS PERSONAL COMMUNICATIONS,10.1007/s11277-018-5382-5
2020,MEDICAL & BIOLOGICAL ENGINEERING & COMPUTING,10.1007/s11517-019-02070-2
2020,Medical & Biological Engineering & Computing,10.1007/s11517-019-02070-2
2016,TECHTRENDS,10.1007/s11528-016-0085-9
2018,INTERNATIONAL JOURNAL OF COMPUTER ASSISTED RADIOLOGY AND SURGERY,10.1007/s11548-017-1686-2
2019,INTERNATIONAL JOURNAL OF COMPUTER ASSISTED RADIOLOGY AND SURGERY,10.1007/s11548-018-1814-7
2019,INTERNATIONAL JOURNAL OF COMPUTER ASSISTED RADIOLOGY AND SURGERY,10.1007/s11548-019-01992-4
2020,INTERNATIONAL JOURNAL OF COMPUTER ASSISTED RADIOLOGY AND SURGERY,10.1007/s11548-020-02126-x
2007,JOURNAL OF REAL-TIME IMAGE PROCESSING,10.1007/s11554-007-0043-z
2010,JOURNAL OF REAL-TIME IMAGE PROCESSING,10.1007/s11554-009-0141-1
2018,INTERNATIONAL JOURNAL OF INTERACTIVE DESIGN AND MANUFACTURING - IJIDEM,10.1007/s12008-017-0377-0
2019,EVOLUTIONARY INTELLIGENCE,10.1007/s12065-019-00314-6
2017,JOURNAL ON MULTIMODAL USER INTERFACES,10.1007/s12193-016-0236-5
2020,INDIAN JOURNAL OF SURGERY,10.1007/s12262-020-02131-z
2020,INTERNATIONAL JOURNAL OF CONTROL AUTOMATION AND SYSTEMS,10.1007/s12555-018-0882-3
2016,ASIA-PACIFIC EDUCATION RESEARCHER,10.1007/s40299-016-0293-2
2019,PFG-JOURNAL OF PHOTOGRAMMETRY REMOTE SENSING AND GEOINFORMATION SCIENCE,10.1007/s41064-019-00065-0
2020,PFG-JOURNAL OF PHOTOGRAMMETRY REMOTE SENSING AND GEOINFORMATION SCIENCE,10.1007/s41064-020-00091-3
2020,PFG-JOURNAL OF PHOTOGRAMMETRY REMOTE SENSING AND GEOINFORMATION SCIENCE,10.1007/s41064-020-00106-z
1995,COMPUTERS IN BIOLOGY AND MEDICINE,10.1016/0010-4825(94)00007-D
2017,COGNITIVE DEVELOPMENT IN DIGITAL CONTEXTS,10.1016/B978-0-12-809481-5.00009-2
2018,ACCIDENT ANALYSIS AND PREVENTION,10.1016/j.aap.2018.06.003
2018,Accident Analysis & Prevention,10.1016/j.aap.2018.06.003
2020,ACCIDENT ANALYSIS AND PREVENTION,10.1016/j.aap.2019.105356
2020,Accident Analysis & Prevention,10.1016/j.aap.2019.105356
2008,ACTA ASTRONAUTICA,10.1016/j.actaastro.2007.11.001
2011,ACTA PSYCHOLOGICA,10.1016/j.actpsy.2011.05.015
2018,ACTA PSYCHOLOGICA,10.1016/j.actpsy.2018.09.009
2019,ACTA PSYCHOLOGICA,10.1016/j.actpsy.2018.12.005
2020,ACTA PSYCHOLOGICA,10.1016/j.actpsy.2019.102987
2020,AMERICAN JOURNAL OF OPHTHALMOLOGY,10.1016/j.ajo.2019.10.006
2019,APPLIED ACOUSTICS,10.1016/j.apacoust.2018.12.037
2017,APPLIED ERGONOMICS,10.1016/j.apergo.2016.05.003
2017,APPLIED ERGONOMICS,10.1016/j.apergo.2016.06.014
2017,APPLIED ERGONOMICS,10.1016/j.apergo.2017.03.007
2018,APPLIED ERGONOMICS,10.1016/j.apergo.2018.03.015
2019,APPLIED ERGONOMICS,10.1016/j.apergo.2018.08.012
2019,APPLIED ERGONOMICS,10.1016/j.apergo.2019.04.001
2020,APPLIED ERGONOMICS,10.1016/j.apergo.2019.103010
2009,ARCHIVES OF PHYSICAL MEDICINE AND REHABILITATION,10.1016/j.apmr.2008.10.030
2019,JOURNAL OF APPLIED DEVELOPMENTAL PSYCHOLOGY,10.1016/j.appdev.2019.101052
2019,ARCHIVES OF GERONTOLOGY AND GERIATRICS,10.1016/j.archger.2019.05.008
2020,ARCHIVES OF GERONTOLOGY AND GERIATRICS,10.1016/j.archger.2019.104004
2005,AUTOMATION IN CONSTRUCTION,10.1016/j.autcon.2004.08.001
2018,AUTOMATION IN CONSTRUCTION,10.1016/j.autcon.2017.10.009
2019,AUTOMATION IN CONSTRUCTION,10.1016/j.autcon.2019.102884
2017,AUTONOMIC NEUROSCIENCE-BASIC & CLINICAL,10.1016/j.autneu.2016.12.004
2003,BIOMEDICINE & PHARMACOTHERAPY,10.1016/j.biopha.2003.08.010
2018,BRITISH JOURNAL OF ORAL & MAXILLOFACIAL SURGERY,10.1016/j.bjoms.2018.04.002
2019,BUILDING AND ENVIRONMENT,10.1016/j.buildenv.2018.11.004
2019,BUILDING AND ENVIRONMENT,10.1016/j.buildenv.2018.12.054
2019,BUILDING AND ENVIRONMENT,10.1016/j.buildenv.2019.106278
2019,BUILDING AND ENVIRONMENT,10.1016/j.buildenv.2019.106285
2020,BUILDING AND ENVIRONMENT,10.1016/j.buildenv.2019.106423
2020,BUILDING AND ENVIRONMENT,10.1016/j.buildenv.2019.106544
2009,BURNS,10.1016/j.burns.2009.01.013
2015,COMPUTERS & GRAPHICS-UK,10.1016/j.cag.2015.02.007
2018,COMPUTERS & GRAPHICS-UK,10.1016/j.cag.2017.11.007
2018,COMPUTERS & GRAPHICS-UK,10.1016/j.cag.2018.07.007
2018,COMPUTERS & GRAPHICS-UK,10.1016/j.cag.2018.10.006
2019,COMPUTERS & GRAPHICS-UK,10.1016/j.cag.2019.03.018
2019,COMPUTERS & GRAPHICS-UK,10.1016/j.cag.2019.09.005
2020,COMPUTERS & GRAPHICS-UK,10.1016/j.cag.2020.03.006
2011,COMPUTERS IN HUMAN BEHAVIOR,10.1016/j.chb.2011.06.006
2015,COMPUTERS IN HUMAN BEHAVIOR,10.1016/j.chb.2015.01.065
2018,COMPUTERS IN HUMAN BEHAVIOR,10.1016/j.chb.2017.11.033
2018,COMPUTERS IN HUMAN BEHAVIOR,10.1016/j.chb.2018.04.036
2019,COMPUTERS IN HUMAN BEHAVIOR,10.1016/j.chb.2018.12.018
2020,COMPUTERS IN HUMAN BEHAVIOR,10.1016/j.chb.2020.106295
2020,Computers & Industrial Engineering,10.1016/j.cie.2018.11.060
2012,CIRP ANNALS-MANUFACTURING TECHNOLOGY,10.1016/j.cirp.2012.05.010
2016,COMPUTER METHODS AND PROGRAMS IN BIOMEDICINE,10.1016/j.cmpb.2016.07.026
2017,COMPUTER METHODS AND PROGRAMS IN BIOMEDICINE,10.1016/j.cmpb.2017.08.008
2019,COGNITION,10.1016/j.cognition.2019.03.003
2010,COMPUTERS & EDUCATION,10.1016/j.compedu.2010.06.005
2019,COMPUTERS & EDUCATION,10.1016/j.compedu.2018.09.015
2019,COMPUTERS & EDUCATION,10.1016/j.compedu.2019.103600
2020,COMPUTERS & EDUCATION,10.1016/j.compedu.2019.103707
2010,COMPREHENSIVE PSYCHIATRY,10.1016/j.comppsych.2008.12.001
2018,CONSCIOUSNESS AND COGNITION,10.1016/j.concog.2018.05.005
2019,COMPUTER PHYSICS COMMUNICATIONS,10.1016/j.cpc.2018.11.013
2017,JOURNAL OF CULTURAL HERITAGE,10.1016/j.culher.2016.09.003
2018,JOURNAL OF CULTURAL HERITAGE,10.1016/j.culher.2018.01.020
2010,DESIGN STUDIES,10.1016/j.destud.2009.11.001
2019,DIGITAL INVESTIGATION,10.1016/j.diin.2019.04.007
2008,DISPLAYS,10.1016/j.displa.2007.09.005
2013,DISPLAYS,10.1016/j.displa.2012.10.007
2013,DISPLAYS,10.1016/j.displa.2013.01.001
2016,DISPLAYS,10.1016/j.displa.2016.07.002
2017,DISPLAYS,10.1016/j.displa.2016.11.001
2017,DISPLAYS,10.1016/j.displa.2017.01.002
2018,DISPLAYS,10.1016/j.displa.2018.01.002
2019,DISPLAYS,10.1016/j.displa.2018.07.001
2019,DISPLAYS,10.1016/j.displa.2018.10.001
2019,DISPLAYS,10.1016/j.displa.2019.08.003
2020,DISPLAYS,10.1016/j.displa.2019.08.004
2018,CLINICAL SIMULATION IN NURSING,10.1016/j.ecns.2018.03.001
2020,ENCEPHALE-REVUE DE PSYCHIATRIE CLINIQUE BIOLOGIQUE ET THERAPEUTIQUE,10.1016/j.encep.2019.09.002
2016,ENTERTAINMENT COMPUTING,10.1016/j.entcom.2016.01.001
2017,ENTERTAINMENT COMPUTING,10.1016/j.entcom.2017.04.004
2019,ENTERTAINMENT COMPUTING,10.1016/j.entcom.2019.100308
2008,ELECTRIC POWER SYSTEMS RESEARCH,10.1016/j.epsr.2007.03.014
2011,International Journal of Industrial Ergonomics,10.1016/j.ergon.2010.10.001
2016,INTERNATIONAL JOURNAL OF INDUSTRIAL ERGONOMICS,10.1016/j.ergon.2016.01.001
2016,International Journal of Industrial Ergonomics,10.1016/j.ergon.2016.01.001
2019,INTERNATIONAL JOURNAL OF INDUSTRIAL ERGONOMICS,10.1016/j.ergon.2019.06.013
2019,International Journal of Industrial Ergonomics,10.1016/j.ergon.2019.06.013
2020,INTERNATIONAL JOURNAL OF INDUSTRIAL ERGONOMICS,10.1016/j.ergon.2020.102939
2020,International Journal of Industrial Ergonomics,10.1016/j.ergon.2020.102939
2006,EUROPEAN PSYCHIATRY,10.1016/j.eurpsy.2004.10.004
2020,FOOD QUALITY AND PREFERENCE,10.1016/j.foodqual.2019.103833
2019,FOOD RESEARCH INTERNATIONAL,10.1016/j.foodres.2018.01.028
2017,FUSION ENGINEERING AND DESIGN,10.1016/j.fusengdes.2017.03.131
2018,FUSION ENGINEERING AND DESIGN,10.1016/j.fusengdes.2018.02.031
2019,FUTURE GENERATION COMPUTER SYSTEMS-THE INTERNATIONAL JOURNAL OF ESCIENCE,10.1016/j.future.2018.02.029
2019,Future Generation Computer Systems,10.1016/j.future.2018.02.029
2019,FUTURE GENERATION COMPUTER SYSTEMS-THE INTERNATIONAL JOURNAL OF ESCIENCE,10.1016/j.future.2018.08.049
2019,Future Generation Computer Systems,10.1016/j.future.2018.08.049
2019,FUTURE GENERATION COMPUTER SYSTEMS-THE INTERNATIONAL JOURNAL OF ESCIENCE,10.1016/j.future.2018.11.041
2019,Future Generation Computer Systems,10.1016/j.future.2018.11.041
2012,Gait and Posture,10.1016/j.gaitpost.2012.02.010
2016,GAIT & POSTURE,10.1016/j.gaitpost.2016.06.010
2019,HELIYON,10.1016/j.heliyon.2019.e02583
2019,HUMAN MOVEMENT SCIENCE,10.1016/j.humov.2019.102515
2019,HUMAN MOVEMENT SCIENCE,10.1016/j.humov.2019.102526
2020,INTENSIVE AND CRITICAL CARE NURSING,10.1016/j.iccn.2020.102849
2006,INTERNATIONAL JOURNAL OF HUMAN-COMPUTER STUDIES,10.1016/j.ijhcs.2005.08.004
2015,INTERNATIONAL JOURNAL OF HUMAN-COMPUTER STUDIES,10.1016/j.ijhcs.2014.09.002
2017,INTERNATIONAL JOURNAL OF HUMAN-COMPUTER STUDIES,10.1016/j.ijhcs.2017.01.002
2018,INTERNATIONAL JOURNAL OF HUMAN-COMPUTER STUDIES,10.1016/j.ijhcs.2018.02.003
2020,INTERNATIONAL JOURNAL OF HUMAN-COMPUTER STUDIES,10.1016/j.ijhcs.2020.102413
2020,INTERNATIONAL JOURNAL OF HUMAN-COMPUTER STUDIES,10.1016/j.ijhcs.2020.102414
2017,INTERNATIONAL JOURNAL OF INFORMATION MANAGEMENT,10.1016/j.ijinfomgt.2016.04.017
2017,International Journal of Information Management,10.1016/j.ijinfomgt.2016.04.017
2019,OPTIK,10.1016/j.ijleo.2019.01.083
2017,INTERNATIONAL JOURNAL OF MINING SCIENCE AND TECHNOLOGY,10.1016/j.ijmst.2017.05.005
2018,INTERNATIONAL JOURNAL OF ORAL AND MAXILLOFACIAL SURGERY,10.1016/j.ijom.2018.01.005
2018,SIGNAL PROCESSING-IMAGE COMMUNICATION,10.1016/j.image.2018.05.010
2020,INFORMATION PROCESSING & MANAGEMENT,10.1016/j.ipm.2019.102105
2020,Information Processing & Management,10.1016/j.ipm.2019.102105
2010,ISPRS JOURNAL OF PHOTOGRAMMETRY AND REMOTE SENSING,10.1016/j.isprsjprs.2009.10.001
2020,ISPRS JOURNAL OF PHOTOGRAMMETRY AND REMOTE SENSING,10.1016/j.isprsjprs.2020.03.007
2019,JOURNAL OF ANXIETY DISORDERS,10.1016/j.janxdis.2019.102147
2019,JOURNAL OF BIOMEDICAL INFORMATICS,10.1016/j.jbi.2018.11.012
2015,JOURNAL OF BIOMECHANICS,10.1016/j.jbiomech.2015.01.005
2019,JOURNAL OF BIOMECHANICS,10.1016/j.jbiomech.2019.02.004
2019,JOURNAL OF BIOMECHANICS,10.1016/j.jbiomech.2019.02.015
2019,JOURNAL OF BIOMECHANICS,10.1016/j.jbiomech.2019.109379
2019,JOURNAL OF BODYWORK AND MOVEMENT THERAPIES,10.1016/j.jbmt.2019.02.012
2019,JOURNAL OF BUSINESS RESEARCH,10.1016/j.jbusres.2018.10.054
2019,Journal of Business Research,10.1016/j.jbusres.2018.10.054
2019,JOURNAL OF BUSINESS RESEARCH,10.1016/j.jbusres.2019.01.017
2019,Journal of Business Research,10.1016/j.jbusres.2019.01.017
2019,JOURNAL OF COMPUTATIONAL DESIGN AND ENGINEERING,10.1016/j.jcde.2018.05.006
2019,Journal of Cleaner Production,10.1016/j.jclepro.2019.117805
2018,JOURNAL OF ENVIRONMENTAL PSYCHOLOGY,10.1016/j.jenvp.2018.01.001
2019,JOURNAL OF FORENSIC AND LEGAL MEDICINE,10.1016/j.jflm.2019.06.005
2020,JOURNAL OF HOSPITALITY AND TOURISM MANAGEMENT,10.1016/j.jhtm.2020.02.003
2019,JOURNAL OF MANUFACTURING PROCESSES,10.1016/j.jmapro.2019.10.016
2005,JOURNAL OF MATERIALS PROCESSING TECHNOLOGY,10.1016/j.jmatprotec.2004.09.086
2016,JOURNAL OF MOLECULAR GRAPHICS & MODELLING,10.1016/j.jmgm.2016.02.009
2011,JOURNAL OF NEUROSCIENCE METHODS,10.1016/j.jneumeth.2011.05.011
2018,Journal of Neuroscience Methods jo,10.1016/j.jneumeth.2018.03.010
2018,JOURNAL OF COMPUTATIONAL SCIENCE,10.1016/j.jocs.2018.05.002
2018,JOURNAL OF ORAL AND MAXILLOFACIAL SURGERY,10.1016/j.joms.2017.10.002
2006,JOURNAL OF PAIN,10.1016/j.jpain.2006.04.006
2019,JOURNAL OF RETAILING AND CONSUMER SERVICES,10.1016/j.jretconser.2019.01.010
2019,Journal of Retailing & Consumer Services,10.1016/j.jretconser.2019.01.010
2019,JOURNAL OF RETAILING AND CONSUMER SERVICES,10.1016/j.jretconser.2019.02.016
2019,Journal of Retailing & Consumer Services,10.1016/j.jretconser.2019.02.016
2019,JOURNAL OF STROKE & CEREBROVASCULAR DISEASES,10.1016/j.jstrokecerebrovasdis.2018.10.018
2019,JOURNAL OF VISUAL COMMUNICATION AND IMAGE REPRESENTATION,10.1016/j.jvcir.2018.11.039
2019,JOURNAL OF VISUAL COMMUNICATION AND IMAGE REPRESENTATION,10.1016/j.jvcir.2019.01.012
2019,LANDSCAPE AND URBAN PLANNING,10.1016/j.landurbplan.2019.05.006
2019,LEARNING AND INSTRUCTION,10.1016/j.learninstruc.2017.12.007
2015,MANUAL THERAPY,10.1016/j.math.2014.10.002
2006,NEUROSCIENCE LETTERS,10.1016/j.neulet.2006.06.007
2019,NEUROIMAGE,10.1016/j.neuroimage.2019.06.010
2019,NEURON,10.1016/j.neuron.2019.08.012
2006,OPTICS AND LASERS IN ENGINEERING,10.1016/j.optlaseng.2005.06.005
2015,PHYSIOLOGY & BEHAVIOR,10.1016/j.physbeh.2015.08.043
2020,PROGRESS IN NUCLEAR ENERGY,10.1016/j.pnucene.2019.103127
2018,ANNALS OF PHYSICAL AND REHABILITATION MEDICINE,10.1016/j.rehab.2018.07.003
2009,RESUSCITATION,10.1016/j.resuscitation.2008.12.016
2019,SIMULATION MODELLING PRACTICE AND THEORY,10.1016/j.simpat.2019.03.005
2019,JOURNAL OF BEHAVIORAL AND EXPERIMENTAL ECONOMICS,10.1016/j.socec.2019.02.007
2015,SAFETY SCIENCE,10.1016/j.ssci.2014.09.017
2020,TRANSPORTATION RESEARCH PART A-POLICY AND PRACTICE,10.1016/j.tra.2019.11.008
2019,TRANSPORTATION RESEARCH PART F-TRAFFIC PSYCHOLOGY AND BEHAVIOUR,10.1016/j.trf.2017.08.005
2019,Transportation Research: Part F,10.1016/j.trf.2017.08.005
2003,ACCIDENT ANALYSIS AND PREVENTION,10.1016/S0001-4575(02)00081-7
2003,Accident Analysis & Prevention,10.1016/S0001-4575(02)00081-7
1999,APPLIED ERGONOMICS,10.1016/S0003-6870(98)00041-6
1999,APPLIED ERGONOMICS,10.1016/S0003-6870(98)00043-X
1999,APPLIED ERGONOMICS,10.1016/S0003-6870(98)00045-3
2004,BEHAVIOUR RESEARCH AND THERAPY,10.1016/S0005-7967(03)00139-6
2003,CIRP ANNALS-MANUFACTURING TECHNOLOGY,10.1016/S0007-8506(07)60517-4
2001,COMPUTERS & GRAPHICS-UK,10.1016/S0097-8493(01)00118-2
1999,MICROPROCESSORS AND MICROSYSTEMS,10.1016/S0141-9331(98)00105-7
2000,DISPLAYS,10.1016/S0141-9382(00)00029-9
1997,DISPLAYS,10.1016/S0141-9382(97)00011-5
2002,OPTICS AND LASERS IN ENGINEERING,10.1016/S0143-8166(02)00034-9
1997,FINITE ELEMENTS IN ANALYSIS AND DESIGN,10.1016/S0168-874X(96)00078-9
1997,JOURNAL OF ORAL AND MAXILLOFACIAL SURGERY,10.1016/S0278-2391(97)90689-3
1999,JOURNAL OF ORAL AND MAXILLOFACIAL SURGERY,10.1016/S0278-2391(99)90722-X
1998,BRAIN RESEARCH BULLETIN,10.1016/S0361-9230(98)00104-X
2000,JOURNAL OF ANXIETY DISORDERS,10.1016/S0887-6185(00)00052-9
1996,INTERNATIONAL JOURNAL OF ORAL AND MAXILLOFACIAL SURGERY,10.1016/S0901-5027(96)80062-2
2000,JOURNAL OF MATERIALS PROCESSING TECHNOLOGY,10.1016/S0924-0136(00)00717-2
2018,PUBLICATIONS OF THE ASTRONOMICAL SOCIETY OF AUSTRALIA,10.1017/pasa.2018.19
2004,ROBOTICA,10.1017/S0263574703005447
2018,COGNITIVE BEHAVIOUR THERAPIST,10.1017/S1754470X18000090
2019,JOURNAL OF CHEMICAL EDUCATION,10.1021/acs.jchemed.8b00905
2015,JOURNAL OF CHEMICAL INFORMATION AND MODELING,10.1021/acs.jcim.5b00544
1997,BT TECHNOLOGY JOURNAL,10.1023/A:1018639714611
2002,WIRELESS PERSONAL COMMUNICATIONS,10.1023/A:1019960305038
2002,NEURAL PROCESSING LETTERS,10.1023/A:1021778608344
2002,JOURNAL OF EDUCATIONAL PSYCHOLOGY,10.1037//0022-0663.94.3.598
2004,JOURNAL OF EDUCATIONAL PSYCHOLOGY,10.1037/0022-0663.96.1.165
2007,HEALTH PSYCHOLOGY,10.1037/0278-6133.26.6.794
2012,Journal of Experimental Psychology. Human Perception & Performance,10.1037/a0027524
2014,PSYCHOLOGICAL ASSESSMENT,10.1037/a0036240
2019,NEUROPSYCHOLOGY,10.1037/neu0000517
2019,JOURNAL OF EXPERIMENTAL PSYCHOLOGY-HUMAN PERCEPTION AND PERFORMANCE,10.1037/xhp0000597
2019,Journal of Experimental Psychology. Human Perception & Performance,10.1037/xhp0000597
2019,JOURNAL OF EXPERIMENTAL PSYCHOLOGY-LEARNING MEMORY AND COGNITION,10.1037/xlm0000597
2019,"Journal of Experimental Psychology. Learning, Memory & Cognition",10.1037/xlm0000597
2013,INTERNATIONAL JOURNAL OF OBESITY,10.1038/ijo.2013.87
2017,LIGHT-SCIENCE & APPLICATIONS,10.1038/lsa.2017.81
2019,EYE,10.1038/s41433-019-0356-8
2019,NATURE,10.1038/s41586-019-1687-0
2017,SCIENTIFIC REPORTS,10.1038/s41598-017-13153-1
2017,SCIENTIFIC REPORTS,10.1038/s41598-017-16316-2
2017,SCIENTIFIC REPORTS,10.1038/s41598-017-18289-8
2016,SCIENTIFIC REPORTS,10.1038/srep37016
2017,SCIENTIFIC REPORTS,10.1038/srep45469
2018,HEALTHCARE TECHNOLOGY LETTERS,10.1049/htl.2018.5077
2018,IET IMAGE PROCESSING,10.1049/iet-ipr.2017.0826
2018,IET Image Processing,10.1049/iet-ipr.2017.0826
2019,IET Image Processing,10.1049/iet-ipr.2018.5920
2003,ROFO-FORTSCHRITTE AUF DEM GEBIET DER RONTGENSTRAHLEN UND DER BILDGEBENDEN VERFAHREN,10.1055/s-2003-37831
2015,PERCEPTION,10.1068/p7929
2013,PROCEEDINGS OF THE NATIONAL ACADEMY OF SCIENCES OF THE UNITED STATES OF AMERICA,10.1073/pnas.1306779110
2019,ERGONOMICS,10.1080/00140139.2019.1582805
1996,ERGONOMICS,10.1080/00140139608964552
1996,ERGONOMICS,10.1080/00140139608964557
1997,ERGONOMICS,10.1080/001401397187603
1998,ERGONOMICS,10.1080/001401398187035
2008,International Journal of Production Research,10.1080/00207540601064773
2015,JOURNAL OF MOTOR BEHAVIOR,10.1080/00222895.2015.1015674
2012,REMOTE SENSING LETTERS,10.1080/01431161.2011.629233
2010,BEHAVIOUR & INFORMATION TECHNOLOGY,10.1080/01449290903160459
2010,Behaviour & Information Technology,10.1080/01449290903160459
2016,BEHAVIOUR & INFORMATION TECHNOLOGY,10.1080/0144929X.2016.1212931
2016,Behaviour & Information Technology,10.1080/0144929X.2016.1212931
2017,BEHAVIOUR & INFORMATION TECHNOLOGY,10.1080/0144929X.2016.1264483
2017,Behaviour & Information Technology,10.1080/0144929X.2016.1264483
2019,BEHAVIOUR & INFORMATION TECHNOLOGY,10.1080/0144929X.2019.1641228
2017,ADVANCED ROBOTICS,10.1080/01691864.2016.1264885
2019,HUMAN-COMPUTER INTERACTION,10.1080/07370024.2016.1243478
2019,Human-Computer Interaction,10.1080/07370024.2016.1243478
2019,Human-Computer Interaction,10.1080/07370024.2018.1469408
2003,IIE Transactions,10.1080/07408170304345
2019,Journal of Management Information Systems,10.1080/07421222.2019.1628889
2019,JOURNAL OF MANAGEMENT INFORMATION SYSTEMS,10.1080/07421222.2019.1628889
2018,COMMUNICATION RESEARCH REPORTS,10.1080/08824096.2018.1525349
1997,Applied Artificial Intelligence,10.1080/088395197118154
2020,COMPUTER ASSISTED LANGUAGE LEARNING,10.1080/09588221.2020.1752735
2011,INTERNATIONAL JOURNAL OF HUMAN-COMPUTER INTERACTION,10.1080/10447318.2011.552059
2014,International Journal of Human-Computer Interaction,10.1080/10447318.2014.927283
2015,INTERNATIONAL JOURNAL OF HUMAN-COMPUTER INTERACTION,10.1080/10447318.2015.1039909
2015,International Journal of Human-Computer Interaction,10.1080/10447318.2015.1039909
2018,INTERNATIONAL JOURNAL OF HUMAN-COMPUTER INTERACTION,10.1080/10447318.2017.1411665
2018,International Journal of Human-Computer Interaction,10.1080/10447318.2017.1411665
2018,INTERNATIONAL JOURNAL OF HUMAN-COMPUTER INTERACTION,10.1080/10447318.2017.1412144
2018,International Journal of Human-Computer Interaction,10.1080/10447318.2017.1412144
2019,INTERNATIONAL JOURNAL OF HUMAN-COMPUTER INTERACTION,10.1080/10447318.2018.1429061
2019,International Journal of Human-Computer Interaction,10.1080/10447318.2018.1429061
2019,INTERNATIONAL JOURNAL OF HUMAN-COMPUTER INTERACTION,10.1080/10447318.2018.1484054
2019,INTERNATIONAL JOURNAL OF HUMAN-COMPUTER INTERACTION,10.1080/10447318.2018.1519164
2019,International Journal of Human-Computer Interaction,10.1080/10447318.2018.1519164
2019,INTERNATIONAL JOURNAL OF HUMAN-COMPUTER INTERACTION,10.1080/10447318.2018.1541546
2019,International Journal of Human-Computer Interaction,10.1080/10447318.2018.1541546
2020,INTERNATIONAL JOURNAL OF HUMAN-COMPUTER INTERACTION,10.1080/10447318.2020.1726108
2019,INTERACTIVE LEARNING ENVIRONMENTS,10.1080/10494820.2019.1641525
2019,INTERACTIVE LEARNING ENVIRONMENTS,10.1080/10494820.2019.1703008
2019,JOURNAL OF TRAVEL & TOURISM MARKETING,10.1080/10548408.2019.1618781
2019,Journal of Travel & Tourism Marketing,10.1080/10548408.2019.1618781
2017,TOPICS IN STROKE REHABILITATION,10.1080/10749357.2017.1351069
2006,VISUAL COGNITION,10.1080/13506280544000273
2020,Journal of Marketing Communications,10.1080/13527266.2019.1671480
2017,IMAGING SCIENCE JOURNAL,10.1080/13682199.2017.1355090
2017,DESIGN JOURNAL,10.1080/14606925.2017.1352966
2020,TOURISM GEOGRAPHIES,10.1080/14616688.2020.1713881
2018,JOURNAL OF MAP & GEOGRAPHY LIBRARIES,10.1080/15420353.2018.1498427
2019,JOURNAL OF INFORMATION DISPLAY,10.1080/15980316.2019.1567612
2019,JOURNAL OF INFORMATION DISPLAY,10.1080/15980316.2019.1572662
2019,JOURNAL OF INFORMATION DISPLAY,10.1080/15980316.2019.1606859
2006,Computer-Aided Design & Applications,10.1080/16864360.2006.10738444
2006,Computer-Aided Design & Applications,10.1080/16864360.2006.10738485
2017,Computer-Aided Design & Applications,10.1080/16864360.2016.1273584
2020,JOURNAL OF VISUAL COMMUNICATION IN MEDICINE,10.1080/17453054.2019.1671813
2017,DISABILITY AND REHABILITATION-ASSISTIVE TECHNOLOGY,10.1080/17483107.2016.1176259
2019,DISABILITY AND REHABILITATION-ASSISTIVE TECHNOLOGY,10.1080/17483107.2019.1688398
2020,DISABILITY AND REHABILITATION-ASSISTIVE TECHNOLOGY,10.1080/17483107.2020.1765419
2018,STUDIES IN DOCUMENTARY FILM,10.1080/17503280.2018.1503859
2018,LONDON JOURNAL OF PRIMARY CARE,10.1080/17571472.2018.1483000
2016,JOURNAL OF TRANSPORTATION SAFETY & SECURITY,10.1080/19439962.2015.1046621
2018,COMPUTER METHODS IN BIOMECHANICS AND BIOMEDICAL ENGINEERING-IMAGING AND VISUALIZATION,10.1080/21681163.2017.1343687
2018,JOURNAL OF NEURAL ENGINEERING,10.1088/1741-2552/aadd55
2019,JOURNAL OF NEURAL ENGINEERING,10.1088/1741-2552/aaed17
2015,JOURNAL OF NEURAL ENGINEERING,10.1088/1741-2560/12/3/036001
2016,JOURNAL OF NEURAL ENGINEERING,10.1088/1741-2560/13/2/026022
2016,JOURNAL OF NEURAL ENGINEERING,10.1088/1741-2560/13/5/056006
2017,BIOINSPIRATION & BIOMIMETICS,10.1088/1748-3190/12/1/014001
2000,CYBERPSYCHOLOGY & BEHAVIOR,10.1089/10949310050078788
2000,CyberPsychology & Behavior,10.1089/10949310050078788
2000,CyberPsychology & Behavior,10.1089/10949310050078805
2000,CYBERPSYCHOLOGY & BEHAVIOR,10.1089/10949310050078940
2000,CyberPsychology & Behavior,10.1089/10949310050078940
2001,CYBERPSYCHOLOGY & BEHAVIOR,10.1089/109493101300117910
2001,CyberPsychology & Behavior,10.1089/109493101300117910
2001,CyberPsychology & Behavior,10.1089/109493101300117938
2002,CyberPsychology & Behavior,10.1089/109493102753685890
2002,CYBERPSYCHOLOGY & BEHAVIOR,10.1089/109493102753770516
2002,CyberPsychology & Behavior,10.1089/109493102753770516
2003,CYBERPSYCHOLOGY & BEHAVIOR,10.1089/109493103322011542
2003,CyberPsychology & Behavior,10.1089/109493103322011542
2003,CYBERPSYCHOLOGY & BEHAVIOR,10.1089/109493103322011605
2003,CyberPsychology & Behavior,10.1089/109493103322011605
2003,CYBERPSYCHOLOGY & BEHAVIOR,10.1089/109493103769710505
2003,CyberPsychology & Behavior,10.1089/109493103769710505
2004,CyberPsychology & Behavior,10.1089/1094931042403055
2004,CyberPsychology & Behavior,10.1089/1094931042403109
2004,CYBERPSYCHOLOGY & BEHAVIOR,10.1089/cpb.2004.7.519
2004,CyberPsychology & Behavior,10.1089/cpb.2004.7.734
2006,CYBERPSYCHOLOGY & BEHAVIOR,10.1089/cpb.2006.9.137
2006,CyberPsychology & Behavior,10.1089/cpb.2006.9.137
2006,CYBERPSYCHOLOGY & BEHAVIOR,10.1089/cpb.2006.9.207
2006,CyberPsychology & Behavior,10.1089/cpb.2006.9.207
2006,CYBERPSYCHOLOGY & BEHAVIOR,10.1089/cpb.2006.9.388
2006,CyberPsychology & Behavior,10.1089/cpb.2006.9.388
2006,CYBERPSYCHOLOGY & BEHAVIOR,10.1089/cpb.2006.9.591
2006,CyberPsychology & Behavior,10.1089/cpb.2006.9.591
2008,CYBERPSYCHOLOGY & BEHAVIOR,10.1089/cpb.2007.0116
2008,CyberPsychology & Behavior,10.1089/cpb.2007.0116
2007,CYBERPSYCHOLOGY & BEHAVIOR,10.1089/cpb.2007.9996
2007,CyberPsychology & Behavior,10.1089/cpb.2007.9996
2008,CYBERPSYCHOLOGY & BEHAVIOR,10.1089/cpb.2008.0003
2008,CyberPsychology & Behavior,10.1089/cpb.2008.0003
2009,CYBERPSYCHOLOGY & BEHAVIOR,10.1089/cpb.2009.0118
2009,CyberPsychology & Behavior,10.1089/cpb.2009.0118
2010,CYBERPSYCHOLOGY BEHAVIOR AND SOCIAL NETWORKING,10.1089/cyber.2009.0263
2010,"CyberPsychology, Behavior & Social Networking",10.1089/cyber.2009.0263
2014,"CyberPsychology, Behavior & Social Networking",10.1089/cyber.2014.0046
2014,CYBERPSYCHOLOGY BEHAVIOR AND SOCIAL NETWORKING,10.1089/cyber.2014.0058
2014,"CyberPsychology, Behavior & Social Networking",10.1089/cyber.2014.0058
2016,CYBERPSYCHOLOGY BEHAVIOR AND SOCIAL NETWORKING,10.1089/cyber.2015.0130
2016,"CyberPsychology, Behavior & Social Networking",10.1089/cyber.2015.0130
2017,CYBERPSYCHOLOGY BEHAVIOR AND SOCIAL NETWORKING,10.1089/cyber.2017.0174
2017,"CyberPsychology, Behavior & Social Networking",10.1089/cyber.2017.0174
2018,CYBERPSYCHOLOGY BEHAVIOR AND SOCIAL NETWORKING,10.1089/cyber.2017.0499
2018,"CyberPsychology, Behavior & Social Networking",10.1089/cyber.2017.0499
2019,CYBERPSYCHOLOGY BEHAVIOR AND SOCIAL NETWORKING,10.1089/cyber.2017.0714
2019,"CyberPsychology, Behavior & Social Networking",10.1089/cyber.2017.0714
2019,CYBERPSYCHOLOGY BEHAVIOR AND SOCIAL NETWORKING,10.1089/cyber.2018.0027
2019,"CyberPsychology, Behavior & Social Networking",10.1089/cyber.2018.0027
2020,CYBERPSYCHOLOGY BEHAVIOR AND SOCIAL NETWORKING,10.1089/cyber.2019.0206
2020,"CyberPsychology, Behavior & Social Networking",10.1089/cyber.2019.0206
2020,"CyberPsychology, Behavior & Social Networking",10.1089/cyber.2020.29183.gri
2019,JOURNAL OF ENDOUROLOGY,10.1089/end.2018.0626
2018,GAMES FOR HEALTH JOURNAL,10.1089/g4h.2017.0114
2019,GAMES FOR HEALTH JOURNAL,10.1089/g4h.2017.0190
2020,GAMES FOR HEALTH JOURNAL,10.1089/g4h.2019.0102
2018,COMPUTER JOURNAL,10.1093/comjnl/bxx117
2019,INTERACTING WITH COMPUTERS,10.1093/iwc/iwz018
2019,INTERACTING WITH COMPUTERS,10.1093/iwc/iwz033
2009,JOURNAL OF PEDIATRIC PSYCHOLOGY,10.1093/jpepsy/jsn023
2010,JOURNAL OF PEDIATRIC PSYCHOLOGY,10.1093/jpepsy/jsp082
2019,PAIN MEDICINE,10.1093/pm/pny269
1999,OPTOMETRY AND VISION SCIENCE,10.1097/00006324-199909000-00021
2018,NURSING EDUCATION PERSPECTIVES,10.1097/01.NEP.0000000000000258
2005,OPTOMETRY AND VISION SCIENCE,10.1097/01.OPX.0000156307.95086.6
2020,EAR AND HEARING,10.1097/AUD.0000000000000736
2009,SPINE,10.1097/BRS.0b013e31819b3254
2017,INTERNATIONAL JOURNAL OF REHABILITATION RESEARCH,10.1097/MRR.0000000000000244
2019,NURSE EDUCATOR,10.1097/NNE.0000000000000570
2009,OPTOMETRY AND VISION SCIENCE,10.1097/OPX.0b013e3181adff42
2019,AMERICAN JOURNAL OF PHYSICAL MEDICINE & REHABILITATION,10.1097/PHM.0000000000001190
2017,ANNALS OF SURGERY,10.1097/SLA.0000000000002448
2016,ROYAL SOCIETY OPEN SCIENCE,10.1098/rsos.150567
2011,PHILOSOPHICAL TRANSACTIONS OF THE ROYAL SOCIETY B-BIOLOGICAL SCIENCES,10.1098/rstb.2010.0209
2018,INFORMATION AND LEARNING SCIENCE,10.1108/ILS-07-2018-0069
2020,Journal of Business & Industrial Marketing,10.1108/JBIM-12-2018-0407
2018,JOURNAL OF CULTURAL HERITAGE MANAGEMENT AND SUSTAINABLE DEVELOPMENT,10.1108/JCHMSD-09-2017-0067
2019,JOURNAL OF ENABLING TECHNOLOGIES,10.1108/JET-12-2018-0057
2019,LIBRARY HI TECH,10.1108/LHT-08-2019-0166
2001,IEEE Computer Graphics & Applications,10.1109/38.963462
1998,PROCEEDINGS OF THE IEEE,10.1109/5.662873
2018,IEEE ACCESS,10.1109/ACCESS.2018.2864872
2019,IEEE ACCESS,10.1109/ACCESS.2018.2878237
2019,IEEE ACCESS,10.1109/ACCESS.2019.2897018
2019,IEEE ACCESS,10.1109/ACCESS.2019.2905143
2019,IEEE ACCESS,10.1109/ACCESS.2019.2910737
2019,IEEE ACCESS,10.1109/ACCESS.2019.2921880
2019,IEEE ACCESS,10.1109/ACCESS.2019.2934990
2019,IEEE ACCESS,10.1109/ACCESS.2019.2940073
2020,IEEE ACCESS,10.1109/ACCESS.2020.2970921
2020,IEEE ACCESS,10.1109/ACCESS.2020.2972122
2020,IEEE ACCESS,10.1109/ACCESS.2020.2977688
2020,IEEE ACCESS,10.1109/ACCESS.2020.2983608
2020,IEEE ACCESS,10.1109/ACCESS.2020.2988678
2019,IEEE JOURNAL OF BIOMEDICAL AND HEALTH INFORMATICS,10.1109/JBHI.2019.2892485
2010,JOURNAL OF DISPLAY TECHNOLOGY,10.1109/JDT.2009.2029123
2016,JOURNAL OF DISPLAY TECHNOLOGY,10.1109/JDT.2016.2617889
2019,IEEE JOURNAL ON EMERGING AND SELECTED TOPICS IN CIRCUITS AND SYSTEMS,10.1109/JETCAS.2019.2898750
2020,IEEE INTERNET OF THINGS JOURNAL,10.1109/JIOT.2019.2946593
2017,PROCEEDINGS OF THE IEEE,10.1109/JPROC.2017.2648796
2019,PROCEEDINGS OF THE IEEE,10.1109/JPROC.2019.2894817
2017,IEEE SENSORS JOURNAL,10.1109/JSEN.2017.2762704
2019,IEEE SENSORS JOURNAL,10.1109/JSEN.2019.2921644
2017,IEEE SYSTEMS JOURNAL,10.1109/JSYST.2015.2410533
2016,IEEE JOURNAL OF TRANSLATIONAL ENGINEERING IN HEALTH AND MEDICINE-JTEHM,10.1109/JTEHM.2016.2623787
2018,IEEE ROBOTICS AND AUTOMATION LETTERS,10.1109/LRA.2018.2864359
2019,IEEE ROBOTICS AND AUTOMATION LETTERS,10.1109/LRA.2018.2888628
2019,IEEE ROBOTICS AND AUTOMATION LETTERS,10.1109/LRA.2019.2921928
2011,IEEE AEROSPACE AND ELECTRONIC SYSTEMS MAGAZINE,10.1109/MAES.2011.5763338
2019,IEEE CONSUMER ELECTRONICS MAGAZINE,10.1109/MCE.2019.2923934
2020,IEEE CONSUMER ELECTRONICS MAGAZINE,10.1109/MCE.2019.2953741
2004,IEEE Computer Graphics & Applications,10.1109/MCG.2004.1297006
2012,IEEE Computer Graphics & Applications,10.1109/MCG.2012.110
2014,IEEE Computer Graphics & Applications,10.1109/MCG.2014.103
2014,IEEE Computer Graphics & Applications,10.1109/MCG.2014.117
2014,IEEE Computer Graphics & Applications,10.1109/MCG.2014.82
2015,IEEE Computer Graphics & Applications,10.1109/MCG.2015.102
2015,IEEE Computer Graphics & Applications,10.1109/MCG.2015.98
2018,IEEE Computer Graphics & Applications,10.1109/MCG.2017.2801407
2018,IEEE Computer Graphics & Applications,10.1109/MCG.2018.021951628
2018,IEEE Computer Graphics & Applications,10.1109/MCG.2018.111125628
2018,IEEE COMPUTER GRAPHICS AND APPLICATIONS,10.1109/MCG.2018.2875609
2018,IEEE Computer Graphics & Applications,10.1109/MCG.2018.2875609
2019,IEEE Computer Graphics & Applications,10.1109/MCG.2018.2884272
2019,IEEE COMPUTER GRAPHICS AND APPLICATIONS,10.1109/MCG.2019.2915717
2019,IEEE Computer Graphics & Applications,10.1109/MCG.2019.2915717
2020,IEEE COMPUTER GRAPHICS AND APPLICATIONS,10.1109/MCG.2019.2936753
2020,IEEE Computer Graphics & Applications,10.1109/MCG.2019.2936753
2019,IEEE Communications Magazine,10.1109/MCOM.001.1800876
2020,COMPUTING IN SCIENCE & ENGINEERING,10.1109/MCSE.2020.2972822
2014,IEEE Micro,10.1109/MM.2014.94
2014,IEEE PULSE,10.1109/MPUL.2014.2355298
2020,IEEE TRANSACTIONS ON AUTOMATION SCIENCE AND ENGINEERING,10.1109/TASE.2019.2945607
2020,IEEE Transactions on Automation Science & Engineering,10.1109/TASE.2019.2945607
2018,IEEE TRANSACTIONS ON BROADCASTING,10.1109/TBC.2018.2811627
2018,IEEE Transactions on Broadcasting,10.1109/TBC.2018.2811627
2005,IEEE Transactions on Biomedical Engineering,10.1109/TBME.2005.848378
2009,IEEE TRANSACTIONS ON BIOMEDICAL ENGINEERING,10.1109/TBME.2009.2028013
2009,IEEE Transactions on Biomedical Engineering,10.1109/TBME.2009.2028013
2018,IEEE TRANSACTIONS ON COGNITIVE AND DEVELOPMENTAL SYSTEMS,10.1109/TCDS.2018.2828865
2019,IEEE TRANSACTIONS ON CONSUMER ELECTRONICS,10.1109/TCE.2018.2879065
2019,IEEE Transactions on Consumer Electronics,10.1109/TCE.2018.2879065
2020,IEEE Transactions on Circuits & Systems for Video Technology,10.1109/TCSVT.2019.2953827
2019,IEEE TRANSACTIONS ON DEPENDABLE AND SECURE COMPUTING,10.1109/TDSC.2018.2800048
2017,IEEE TRANSACTIONS ON HUMAN-MACHINE SYSTEMS,10.1109/THMS.2016.2611824
2018,IEEE TRANSACTIONS ON HUMAN-MACHINE SYSTEMS,10.1109/THMS.2017.2782490
2015,IEEE TRANSACTIONS ON INDUSTRIAL ELECTRONICS,10.1109/TIE.2014.2334675
2015,IEEE Transactions on Industrial Electronics,10.1109/TIE.2014.2334675
2019,IEEE TRANSACTIONS ON LEARNING TECHNOLOGIES,10.1109/TLT.2019.2926727
2020,IEEE Transactions on Medical Imaging,10.1109/TMI.2019.2926501
2018,IEEE TRANSACTIONS ON MULTIMEDIA,10.1109/TMM.2018.2829187
2020,IEEE TRANSACTIONS ON MULTIMEDIA,10.1109/TMM.2019.2931807
2020,IEEE TRANSACTIONS ON MULTIMEDIA,10.1109/TMM.2019.2933338
2008,IEEE TRANSACTIONS ON NEURAL SYSTEMS AND REHABILITATION ENGINEERING,10.1109/TNSRE.2008.922676
2013,IEEE TRANSACTIONS ON NEURAL SYSTEMS AND REHABILITATION ENGINEERING,10.1109/TNSRE.2012.2237040
2017,IEEE TRANSACTIONS ON NEURAL SYSTEMS AND REHABILITATION ENGINEERING,10.1109/TNSRE.2016.2626391
2019,IEEE TRANSACTIONS ON NEURAL SYSTEMS AND REHABILITATION ENGINEERING,10.1109/TNSRE.2019.2931778
2018,IEEE TRANSACTIONS ON HAPTICS,10.1109/TOH.2017.2741488
2020,IEEE TRANSACTIONS ON HAPTICS,10.1109/TOH.2020.2965937
2018,IEEE TRANSACTIONS ON PROFESSIONAL COMMUNICATION,10.1109/TPC.2018.2804238
2018,IEEE Transactions on Professional Communication,10.1109/TPC.2018.2804238
2009,IEEE TRANSACTIONS ON ROBOTICS,10.1109/TRO.2009.2028765
2009,IEEE Transactions on Robotics,10.1109/TRO.2009.2028765
2006,IEEE TRANSACTIONS ON VISUALIZATION AND COMPUTER GRAPHICS,10.1109/TVCG.2006.55
2007,IEEE TRANSACTIONS ON VISUALIZATION AND COMPUTER GRAPHICS,10.1109/TVCG.2007.37
2011,IEEE TRANSACTIONS ON VISUALIZATION AND COMPUTER GRAPHICS,10.1109/TVCG.2010.248
2012,IEEE TRANSACTIONS ON VISUALIZATION AND COMPUTER GRAPHICS,10.1109/TVCG.2011.278
2011,IEEE TRANSACTIONS ON VISUALIZATION AND COMPUTER GRAPHICS,10.1109/TVCG.2011.41
2012,IEEE TRANSACTIONS ON VISUALIZATION AND COMPUTER GRAPHICS,10.1109/TVCG.2012.45
2013,IEEE TRANSACTIONS ON VISUALIZATION AND COMPUTER GRAPHICS,10.1109/TVCG.2013.43
2014,IEEE TRANSACTIONS ON VISUALIZATION AND COMPUTER GRAPHICS,10.1109/TVCG.2014.18
2015,IEEE TRANSACTIONS ON VISUALIZATION AND COMPUTER GRAPHICS,10.1109/TVCG.2015.2391853
2015,IEEE TRANSACTIONS ON VISUALIZATION AND COMPUTER GRAPHICS,10.1109/TVCG.2015.2391858
2015,IEEE TRANSACTIONS ON VISUALIZATION AND COMPUTER GRAPHICS,10.1109/TVCG.2015.2391860
2016,IEEE TRANSACTIONS ON VISUALIZATION AND COMPUTER GRAPHICS,10.1109/TVCG.2015.2473855
2016,IEEE TRANSACTIONS ON VISUALIZATION AND COMPUTER GRAPHICS,10.1109/TVCG.2016.2518079
2016,IEEE TRANSACTIONS ON VISUALIZATION AND COMPUTER GRAPHICS,10.1109/TVCG.2016.2518098
2016,IEEE TRANSACTIONS ON VISUALIZATION AND COMPUTER GRAPHICS,10.1109/TVCG.2016.2518135
2016,IEEE TRANSACTIONS ON VISUALIZATION AND COMPUTER GRAPHICS,10.1109/TVCG.2016.2518137
2016,IEEE TRANSACTIONS ON VISUALIZATION AND COMPUTER GRAPHICS,10.1109/TVCG.2016.2518298
2016,IEEE TRANSACTIONS ON VISUALIZATION AND COMPUTER GRAPHICS,10.1109/TVCG.2016.2520921
2017,IEEE TRANSACTIONS ON VISUALIZATION AND COMPUTER GRAPHICS,10.1109/TVCG.2016.2527649
2017,IEEE TRANSACTIONS ON VISUALIZATION AND COMPUTER GRAPHICS,10.1109/TVCG.2016.2586071
2017,IEEE TRANSACTIONS ON VISUALIZATION AND COMPUTER GRAPHICS,10.1109/TVCG.2016.2601607
2018,IEEE TRANSACTIONS ON VISUALIZATION AND COMPUTER GRAPHICS,10.1109/TVCG.2017.2653117
2017,IEEE TRANSACTIONS ON VISUALIZATION AND COMPUTER GRAPHICS,10.1109/TVCG.2017.2656958
2017,IEEE TRANSACTIONS ON VISUALIZATION AND COMPUTER GRAPHICS,10.1109/TVCG.2017.2656979
2017,IEEE TRANSACTIONS ON VISUALIZATION AND COMPUTER GRAPHICS,10.1109/TVCG.2017.2657139
2017,IEEE TRANSACTIONS ON VISUALIZATION AND COMPUTER GRAPHICS,10.1109/TVCG.2017.2657238
2018,IEEE TRANSACTIONS ON VISUALIZATION AND COMPUTER GRAPHICS,10.1109/TVCG.2017.2658570
2017,IEEE TRANSACTIONS ON VISUALIZATION AND COMPUTER GRAPHICS,10.1109/TVCG.2017.2735098
2018,IEEE TRANSACTIONS ON VISUALIZATION AND COMPUTER GRAPHICS,10.1109/TVCG.2017.2754257
2018,IEEE TRANSACTIONS ON VISUALIZATION AND COMPUTER GRAPHICS,10.1109/TVCG.2017.2778249
2018,IEEE TRANSACTIONS ON VISUALIZATION AND COMPUTER GRAPHICS,10.1109/TVCG.2018.2793038
2018,IEEE TRANSACTIONS ON VISUALIZATION AND COMPUTER GRAPHICS,10.1109/TVCG.2018.2793698
2018,IEEE TRANSACTIONS ON VISUALIZATION AND COMPUTER GRAPHICS,10.1109/TVCG.2018.2794071
2018,IEEE TRANSACTIONS ON VISUALIZATION AND COMPUTER GRAPHICS,10.1109/TVCG.2018.2794119
2018,IEEE TRANSACTIONS ON VISUALIZATION AND COMPUTER GRAPHICS,10.1109/TVCG.2018.2794629
2018,IEEE TRANSACTIONS ON VISUALIZATION AND COMPUTER GRAPHICS,10.1109/TVCG.2018.2794639
2018,IEEE TRANSACTIONS ON VISUALIZATION AND COMPUTER GRAPHICS,10.1109/TVCG.2018.2868527
2019,IEEE TRANSACTIONS ON VISUALIZATION AND COMPUTER GRAPHICS,10.1109/TVCG.2019.2898736
2019,IEEE TRANSACTIONS ON VISUALIZATION AND COMPUTER GRAPHICS,10.1109/TVCG.2019.2898763
2019,IEEE TRANSACTIONS ON VISUALIZATION AND COMPUTER GRAPHICS,10.1109/TVCG.2019.2898782
2019,IEEE TRANSACTIONS ON VISUALIZATION AND COMPUTER GRAPHICS,10.1109/TVCG.2019.2932173
2019,IEEE TRANSACTIONS ON VISUALIZATION AND COMPUTER GRAPHICS,10.1109/TVCG.2019.2932215
2019,IEEE TRANSACTIONS ON VISUALIZATION AND COMPUTER GRAPHICS,10.1109/TVCG.2019.2932239
2020,IEEE TRANSACTIONS ON VISUALIZATION AND COMPUTER GRAPHICS,10.1109/TVCG.2019.2934395
2020,IEEE TRANSACTIONS ON VISUALIZATION AND COMPUTER GRAPHICS,10.1109/TVCG.2020.2973053
2020,IEEE TRANSACTIONS ON VISUALIZATION AND COMPUTER GRAPHICS,10.1109/TVCG.2020.2973075
2020,IEEE TRANSACTIONS ON VISUALIZATION AND COMPUTER GRAPHICS,10.1109/TVCG.2020.2973441
2020,IEEE TRANSACTIONS ON VISUALIZATION AND COMPUTER GRAPHICS,10.1109/TVCG.2020.2973442
2020,IEEE TRANSACTIONS ON VISUALIZATION AND COMPUTER GRAPHICS,10.1109/TVCG.2020.2973473
2020,IEEE TRANSACTIONS ON VISUALIZATION AND COMPUTER GRAPHICS,10.1109/TVCG.2020.2973498
2020,BRITISH JOURNAL OF EDUCATIONAL TECHNOLOGY,10.1111/bjet.12946
2016,Computer Graphics Forum,10.1111/cgf.12956
2016,COMPUTER GRAPHICS FORUM,10.1111/cgf.13026
2016,Computer Graphics Forum,10.1111/cgf.13026
2019,COMPUTER GRAPHICS FORUM,10.1111/cgf.13654
2019,Computer Graphics Forum,10.1111/cgf.13757
2019,COMPUTER GRAPHICS FORUM,10.1111/cgf.13780
2019,Computer Graphics Forum,10.1111/cgf.13780
2018,DEVELOPMENTAL SCIENCE,10.1111/desc.12557
2017,EUROPEAN JOURNAL OF NEUROSCIENCE,10.1111/ejn.13545
2019,EUROPEAN JOURNAL OF NEUROSCIENCE,10.1111/ejn.14499
2008,ACADEMIC EMERGENCY MEDICINE,10.1111/j.1553-2712.2008.00191.x
2018,JOURNAL FOR SPECIALISTS IN PEDIATRIC NURSING,10.1111/jspn.12201
2018,PSYCHOPHYSIOLOGY,10.1111/psyp.13090
2019,JOURNAL OF THE ROYAL STATISTICAL SOCIETY SERIES A-STATISTICS IN SOCIETY,10.1111/rssa.12381
2019,Journal of the Royal Statistical Society: Series A (Statistics in Society),10.1111/rssa.12381
2019,SCANDINAVIAN JOURNAL OF MEDICINE & SCIENCE IN SPORTS,10.1111/sms.13453
2018,TRAFFIC,10.1111/tra.12538
2014,JOURNAL OF MEDICAL DEVICES-TRANSACTIONS OF THE ASME,10.1115/1.4027114
2016,JOURNAL OF COMPUTING AND INFORMATION SCIENCE IN ENGINEERING,10.1115/1.4033230
2019,JOURNAL OF MECHANICAL DESIGN,10.1115/1.4041428
2019,JOURNAL OF COMPUTING AND INFORMATION SCIENCE IN ENGINEERING,10.1115/1.4043068
2006,JOURNAL OF ELECTRONIC IMAGING,10.1117/1.2189211
2019,JOURNAL OF ELECTRONIC IMAGING,10.1117/1.JEI.28.1.013019
2019,AMERICAN JOURNAL OF PHYSICS,10.1119/1.5080224
2008,JOURNAL OF SPORT REHABILITATION,10.1123/jsr.17.1.38
2019,INTERNATIONAL JOURNAL OF SEMANTIC COMPUTING,10.1142/S1793351X19400166
2018,INTERNATIONAL JOURNAL OF MODELING SIMULATION AND SCIENTIFIC COMPUTING,10.1142/S1793962318400020
1996,JAPANESE JOURNAL OF APPLIED PHYSICS PART 1-REGULAR PAPERS SHORT NOTES & REVIEW PAPERS,10.1143/JJAP.35.3121
2007,ACM TRANSACTIONS ON APPLIED PERCEPTION,10.1145/1227134.1227139
2007,ACM TRANSACTIONS ON APPLIED PERCEPTION,10.1145/1265957.1265961
2007,ACM TRANSACTIONS ON APPLIED PERCEPTION,10.1145/1278387.1278392
2009,ACM Transactions on Applied Perception,10.1145/1498700.1498702
1993,ACM TRANSACTIONS ON INFORMATION SYSTEMS,10.1145/159161.173948
1993,COMMUNICATIONS OF THE ACM,10.1145/159544.159587
2010,ACM Transactions on Applied Perception,10.1145/1823738.1823744
2012,ACM TRANSACTIONS ON APPLIED PERCEPTION,10.1145/2134203.2134206
2013,ACM TRANSACTIONS ON GRAPHICS,10.1145/2508363.2508366
2015,ACM Transactions on Applied Perception,10.1145/2699254
2015,ACM TRANSACTIONS ON APPLIED PERCEPTION,10.1145/2720020
2015,ACM TRANSACTIONS ON GRAPHICS,10.1145/2766939
2016,ACM TRANSACTIONS ON GRAPHICS,10.1145/2897824.2925883
2016,ACM TRANSACTIONS ON APPLIED PERCEPTION,10.1145/2971320
2016,ACM TRANSACTIONS ON GRAPHICS,10.1145/2980179.2980246
2016,ACM TRANSACTIONS ON GRAPHICS,10.1145/2980179.2980252
2016,ACM TRANSACTIONS ON COMPUTER-HUMAN INTERACTION,10.1145/2983530
2017,ACM TRANSACTIONS ON GRAPHICS,10.1145/3072959.3073624
2017,ACM TRANSACTIONS ON GRAPHICS,10.1145/3072959.3073645
2017,ACM TRANSACTIONS ON APPLIED PERCEPTION,10.1145/3106155
2018,ACM TRANSACTIONS ON GRAPHICS,10.1145/3182644
2018,ACM TRANSACTIONS ON GRAPHICS,10.1145/3197517.3201335
2018,ACM TRANSACTIONS ON MULTIMEDIA COMPUTING COMMUNICATIONS AND APPLICATIONS,10.1145/3205864
2018,ACM TRANSACTIONS ON MULTIMEDIA COMPUTING COMMUNICATIONS AND APPLICATIONS,10.1145/3209661
2018,MOBILE COMPUTING AND COMMUNICATIONS REVIEW,10.1145/3229316.3229320
2018,ACM TRANSACTIONS ON APPLIED PERCEPTION,10.1145/3230648
2018,ACM TRANSACTIONS ON MULTIMEDIA COMPUTING COMMUNICATIONS AND APPLICATIONS,10.1145/3232678
2018,ACM TRANSACTIONS ON APPLIED PERCEPTION,10.1145/3238301
2018,ACM TRANSACTIONS ON APPLIED PERCEPTION,10.1145/3238303
2018,ACM TRANSACTIONS ON ACCESSIBLE COMPUTING,10.1145/3265755
2019,ACM TRANSACTIONS ON APPLIED PERCEPTION,10.1145/3313902
2019,ACM COMPUTING SURVEYS,10.1145/3329119
2019,ACM Computing Surveys,10.1145/3329119
2019,ACM TRANSACTIONS ON MULTIMEDIA COMPUTING COMMUNICATIONS AND APPLICATIONS,10.1145/3335053
2019,ACM TRANSACTIONS ON GRAPHICS,10.1145/3355089.3356490
2019,ACM TRANSACTIONS ON GRAPHICS,10.1145/3355089.3356517
2019,ACM TRANSACTIONS ON GRAPHICS,10.1145/3355089.3356530
2019,ACM TRANSACTIONS ON GRAPHICS,10.1145/3355089.3356552
2019,ACM TRANSACTIONS ON GRAPHICS,10.1145/3355089.3356557
2019,ACM TRANSACTIONS ON MULTIMEDIA COMPUTING COMMUNICATIONS AND APPLICATIONS,10.1145/3362101
2014,BIOMED RESEARCH INTERNATIONAL,10.1155/2014/206082
2018,MOBILE INFORMATION SYSTEMS,10.1155/2018/2585797
2018,WIRELESS COMMUNICATIONS & MOBILE COMPUTING,10.1155/2018/4798359
2019,COMPUTATIONAL INTELLIGENCE AND NEUROSCIENCE,10.1155/2019/9680697
2001,PRESENCE-TELEOPERATORS AND VIRTUAL ENVIRONMENTS,10.1162/1054746011470226
2001,PRESENCE-TELEOPERATORS AND VIRTUAL ENVIRONMENTS,10.1162/1054746011470271
2005,PRESENCE-TELEOPERATORS AND VIRTUAL ENVIRONMENTS,10.1162/1054746053967012
1998,PRESENCE-TELEOPERATORS AND VIRTUAL ENVIRONMENTS,10.1162/105474698565811
1999,PRESENCE-TELEOPERATORS AND VIRTUAL ENVIRONMENTS,10.1162/105474699566152
1999,PRESENCE-TELEOPERATORS AND VIRTUAL ENVIRONMENTS,10.1162/105474699566341
2016,COMPUTER MUSIC JOURNAL,10.1162/COMJ_a_00372
2018,LEONARDO,10.1162/leon_a_01641
2018,NETWORK NEUROSCIENCE,10.1162/netn_a_00044
2006,PRESENCE-TELEOPERATORS AND VIRTUAL ENVIRONMENTS,10.1162/pres.15.5.588
2007,PRESENCE-TELEOPERATORS AND VIRTUAL ENVIRONMENTS,10.1162/pres.16.1.111
2007,PRESENCE-TELEOPERATORS AND VIRTUAL ENVIRONMENTS,10.1162/pres.16.4.399
2008,PRESENCE-TELEOPERATORS AND VIRTUAL ENVIRONMENTS,10.1162/pres.17.6.575
2009,PRESENCE-TELEOPERATORS AND VIRTUAL ENVIRONMENTS,10.1162/pres.18.3.232
1997,PRESENCE-TELEOPERATORS AND VIRTUAL ENVIRONMENTS,10.1162/pres.1997.6.1.118
2010,PRESENCE-TELEOPERATORS AND VIRTUAL ENVIRONMENTS,10.1162/PRES_a_00005
2010,PRESENCE-TELEOPERATORS AND VIRTUAL ENVIRONMENTS,10.1162/pres_a_00016
2011,PRESENCE-TELEOPERATORS AND VIRTUAL ENVIRONMENTS,10.1162/PRES_a_00048
2012,PRESENCE-TELEOPERATORS AND VIRTUAL ENVIRONMENTS,10.1162/PRES_a_00089
2012,PRESENCE-TELEOPERATORS AND VIRTUAL ENVIRONMENTS,10.1162/PRES_a_00111
2018,PRESENCE-TELEOPERATORS AND VIRTUAL ENVIRONMENTS,10.1162/PRES_a_00318
2017,PSYCHOLOGY IN RUSSIA-STATE OF THE ART,10.11621/pir.2017.0310
2020,MULTISENSORY RESEARCH,10.1163/22134808-20201445
2010,JOURNAL OF VISION,10.1167/10.13.11
2017,JOURNAL OF VISION,10.1167/17.9.11
2018,JOURNAL OF VISION,10.1167/18.9.1
2018,TRANSLATIONAL VISION SCIENCE & TECHNOLOGY,10.1167/tvst.7.4.2
2019,TRANSLATIONAL VISION SCIENCE & TECHNOLOGY,10.1167/tvst.8.1.23
2019,HUMAN FACTORS,10.1177/0018720819835088
2019,HUMAN FACTORS,10.1177/0018720819836343
2019,HUMAN FACTORS,10.1177/0018720819867501
2019,PERCEPTUAL AND MOTOR SKILLS,10.1177/0031512519857869
2012,CLINICAL REHABILITATION,10.1177/0269215511419383
2019,CLINICAL REHABILITATION,10.1177/0269215518788598
2019,INTERNATIONAL JOURNAL OF ROBOTICS RESEARCH,10.1177/0278364919842925
2018,TRANSPORTATION RESEARCH RECORD,10.1177/0361198118758311
2019,JOURNAL OF EDUCATIONAL COMPUTING RESEARCH,10.1177/0735633119854025
2019,JOURNAL OF EDUCATIONAL COMPUTING RESEARCH,10.1177/0735633119854030
2019,SIMULATION & GAMING,10.1177/1046878118820905
2019,Simulation & Gaming,10.1177/1046878118820905
2004,CONCURRENT ENGINEERING-RESEARCH AND APPLICATIONS,10.1177/1063293X04042469
2019,CONVERGENCE-THE INTERNATIONAL JOURNAL OF RESEARCH INTO NEW MEDIA TECHNOLOGIES,10.1177/1354856517738171
2020,JOURNAL OF VISUAL CULTURE,10.1177/1470412920906260
2019,DEMENTIA-INTERNATIONAL JOURNAL OF SOCIAL RESEARCH AND PRACTICE,10.1177/1471301219868036
2019,INTERNATIONAL JOURNAL OF DISTRIBUTED SENSOR NETWORKS,10.1177/1550147719894533
2018,SURGICAL INNOVATION,10.1177/1553350618761756
2019,SURGICAL INNOVATION,10.1177/1553350618822860
2018,INTERNATIONAL JOURNAL OF ADVANCED ROBOTIC SYSTEMS,10.1177/1729881417751545
2020,HERD-HEALTH ENVIRONMENTS RESEARCH & DESIGN JOURNAL,10.1177/1937586720924787
2017,I-PERCEPTION,10.1177/2041669517708205
2017,BRITISH JOURNAL OF PAIN,10.1177/2049463717698349
2020,JOURNAL OF REHABILITATION AND ASSISTIVE TECHNOLOGIES ENGINEERING,10.1177/2055668320913770
2014,BMC BIOINFORMATICS,10.1186/1471-2105-15-56
2013,JOURNAL OF NEUROENGINEERING AND REHABILITATION,10.1186/1743-0003-10-80
2007,JOURNAL OF NEUROENGINEERING AND REHABILITATION,10.1186/1743-0003-4-35
2011,JOURNAL OF NEUROENGINEERING AND REHABILITATION,10.1186/1743-0003-8-36
2019,BMC BIOINFORMATICS,10.1186/s12859-019-2666-z
2017,BMC OPHTHALMOLOGY,10.1186/s12886-017-0501-8
2020,BMC OPHTHALMOLOGY,10.1186/s12886-020-01471-4
2019,BIOMEDICAL ENGINEERING ONLINE,10.1186/s12938-019-0731-5
2016,JOURNAL OF NEUROENGINEERING AND REHABILITATION,10.1186/s12984-016-0174-1
2017,JOURNAL OF NEUROENGINEERING AND REHABILITATION,10.1186/s12984-017-0225-2
2019,JOURNAL OF NEUROENGINEERING AND REHABILITATION,10.1186/s12984-019-0601-1
2020,JOURNAL OF NEUROENGINEERING AND REHABILITATION,10.1186/s12984-020-00678-2
2018,HUMAN-CENTRIC COMPUTING AND INFORMATION SCIENCES,10.1186/s13673-018-0154-5
2019,HUMAN-CENTRIC COMPUTING AND INFORMATION SCIENCES,10.1186/s13673-019-0169-6
2019,FASHION AND TEXTILES,10.1186/s40691-018-0166-9
2007,ONCOLOGY NURSING FORUM,10.1188/07.ONF.39-46
2018,JOURNAL OF ELECTRONICS & INFORMATION TECHNOLOGY,10.11999/JEIT170995
2019,JOURNAL OF GLOBAL ONCOLOGY,10.1200/JGO.18.00263
2017,NEUROLOGY,10.1212/WNL.0000000000004585
2019,MEDICINE AND SCIENCE IN SPORTS AND EXERCISE,10.1249/MSS.0000000000002016
2019,ACOUSTICAL SCIENCE AND TECHNOLOGY,10.1250/ast.40.265
2019,MEDICAL SCIENCE MONITOR,10.12659/MSM.915284
2002,CHINESE SCIENCE BULLETIN,10.1360/02tb9297
2015,APPLIED OPTICS,10.1364/AO.54.003422
2016,APPLIED OPTICS,10.1364/AO.55.006969
2019,APPLIED OPTICS,10.1364/AO.58.000A74
2018,BIOMEDICAL OPTICS EXPRESS,10.1364/BOE.9.002825
2018,JOURNAL OF THE OPTICAL SOCIETY OF AMERICA A-OPTICS IMAGE SCIENCE AND VISION,10.1364/JOSAA.35.00B130
2018,OPTICS EXPRESS,10.1364/OE.26.001161
2018,OPTICS EXPRESS,10.1364/OE.26.004863
2018,OPTICS EXPRESS,10.1364/OE.26.034142
2019,OPTICS EXPRESS,10.1364/OE.27.001164
2019,OPTICS EXPRESS,10.1364/OE.27.024877
2020,OPTICS EXPRESS,10.1364/OE.382804
2011,PLOS ONE,10.1371/journal.pone.0016128
2011,PLOS ONE,10.1371/journal.pone.0025759
2012,PLOS ONE,10.1371/journal.pone.0030021
2012,PLOS ONE,10.1371/journal.pone.0040867
2016,PLOS ONE,10.1371/journal.pone.0148060
2016,PLOS ONE,10.1371/journal.pone.0167523
2017,PLOS ONE,10.1371/journal.pone.0173972
2017,PLOS ONE,10.1371/journal.pone.0187220
2017,PLOS ONE,10.1371/journal.pone.0187777
2018,PLOS ONE,10.1371/journal.pone.0189275
2018,PLOS ONE,10.1371/journal.pone.0194137
2018,PLOS ONE,10.1371/journal.pone.0195886
2018,PLOS ONE,10.1371/journal.pone.0200724
2019,PLOS ONE,10.1371/journal.pone.0214603
2020,PLOS ONE,10.1371/journal.pone.0223631
2019,PLOS ONE,10.1371/journal.pone.0225972
2020,PLOS ONE,10.1371/journal.pone.0230042
2020,PLOS ONE,10.1371/journal.pone.0231152
2018,INTERNATIONAL JOURNAL OF GRID AND DISTRIBUTED COMPUTING,10.14257/ijgdc.2018.11.2.09
2018,INTERNATIONAL JOURNAL OF GRID AND DISTRIBUTED COMPUTING,10.14257/ijgdc.2018.11.6.09
2015,Journal of Digital Convergence,10.14400/JDC.2015.13.8.465
2017,Journal of Digital Convergence,10.14400/JDC.2017.15.11.463
2017,Journal of Digital Convergence,10.14400/JDC.2017.15.5.353
2017,Journal of Digital Convergence,10.14400/JDC.2017.15.5.443
2018,Journal of Digital Convergence,10.14400/JDC.2018.16.11.185
2019,INTERNATIONAL JOURNAL OF TECHNOLOGY,10.14716/ijtech.v10i7.3259
2017,AUSTRALASIAN JOURNAL OF EDUCATIONAL TECHNOLOGY,10.14742/ajet.3840
2015,International Journal of Computer Applications in Technology,10.1504/IJCAT.2015.069331
2001,INTERNATIONAL JOURNAL OF TECHNOLOGY MANAGEMENT,10.1504/IJTM.2001.002917
2019,SCANDINAVIAN JOURNAL OF PAIN,10.1515/sjpain-2018-0123
2007,HUMAN FACTORS,10.1518/001872007779598028
1997,HUMAN FACTORS,10.1518/001872097778827070
1999,HUMAN FACTORS,10.1518/001872099779611067
2004,HUMAN FACTORS,10.1518/hfes.46.1.142.30384
2017,REVISTA EDUCACION EN INGENIERIA,10.15675/gepros.v12i1.1605
2016,PLASMA AND FUSION RESEARCH,10.1585/pfr.11.2406060
2015,IEICE TRANSACTIONS ON INFORMATION AND SYSTEMS,10.1587/transinf.2015EDP7165
2016,IEICE TRANSACTIONS ON INFORMATION AND SYSTEMS,10.1587/transinf.2016EDL8028
2017,JOURNAL OF EYE MOVEMENT RESEARCH,10.16910/jemr.10.5.2
2019,JOURNAL OF EYE MOVEMENT RESEARCH,10.16910/jemr.12.8.1
2016,JOURNAL OF EYE MOVEMENT RESEARCH,10.16910/jemr.9.6.4
2017,INTERNATIONAL JOURNAL OF SERIOUS GAMES,10.17083/ijsg.v4i3.178
2018,REVISTA LATINOAMERICANA DE TECNOLOGIA EDUCATIVA-RELATEC,10.17398/1695-288X.17.1.61
2015,EKSPERIMENTALNAYA PSIKHOLOGIYA,10.17759/exppsy.2015080205
2018,MM SCIENCE JOURNAL,10.17973/MMSJ.2018_11_2017100
2020,NORDISK SYGEPLEJEFORSKNING-NORDIC NURSING RESEARCH,10.18261/issn.1892-2686-2020-01-02
2019,Ing√©nierie des Syst√®mes d'Information,10.18280/isi.240310
2018,TOMOGRAPHY,10.18383/j.tom.2018.00053
2016,TEM JOURNAL-TECHNOLOGY EDUCATION MANAGEMENT INFORMATICS,10.18421/TEM54-04
2018,SENSORS AND MATERIALS,10.18494/SAM.2018.1912
2018,ECONOMICS AND BUSINESS REVIEW,10.18559/ebr.2018.3.4
2018,Economics & Business Review,10.18559/ebr.2018.3.4
2017,JOURNAL OF DISASTER RESEARCH,10.20965/jdr.2017.p0882
2019,CLINICAL AND EXPERIMENTAL OTORHINOLARYNGOLOGY,10.21053/ceo.2018.01592
2017,CLINICAL INTERVENTIONS IN AGING,10.2147/CIA.S141251
1999,JAPANESE JOURNAL OF PHYSIOLOGY,10.2170/jjphysiol.49.417
2019,JMIR MENTAL HEALTH,10.2196/11517
2019,JMIR MENTAL HEALTH,10.2196/13887
2016,JMIR SERIOUS GAMES,10.2196/games.5526
2016,JMIR SERIOUS GAMES,10.2196/games.6476
2019,Revista Trilog√≠a,10.22430/21457778.1213
2017,JOURNAL OF IMAGING SCIENCE AND TECHNOLOGY,10.2352/J.ImagingSci.Technol.2017.61.6.060406
2019,JOURNAL OF IMAGING SCIENCE AND TECHNOLOGY,10.2352/J.ImagingSci.Technol.2019.63.6.060409
2019,INTERNATIONAL JOURNAL OF INNOVATIVE COMPUTING INFORMATION AND CONTROL,10.24507/ijicic.15.02.591
2017,ARCHNET-IJAR INTERNATIONAL JOURNAL OF ARCHITECTURAL RESEARCH,10.26687/archnet-ijar.v11i3.1395
2018,PSYCHIATRY INVESTIGATION,10.30773/pi.2018.06.28.3
2019,PSYCHIATRY INVESTIGATION,10.30773/pi.2019.02.08
2018,BULLETIN OF THE LEBEDEV PHYSICS INSTITUTE,10.3103/S1068335618010049
2013,JOURNAL OF MUSCULOSKELETAL PAIN,10.3109/10582452.2013.851760
2015,DISABILITY AND REHABILITATION-ASSISTIVE TECHNOLOGY,10.3109/17483107.2014.889230
2020,INTELLIGENT AUTOMATION AND SOFT COMPUTING,10.31209/2019.100000131
2020,INTELLIGENT AUTOMATION AND SOFT COMPUTING,10.31209/2019.100000134
2020,INTELLIGENT AUTOMATION AND SOFT COMPUTING,10.31209/2019.100000149
2007,JOURNAL OF ASIAN ARCHITECTURE AND BUILDING ENGINEERING,10.3130/jaabe.6.57
2019,CANADIAN JOURNAL OF FILM STUDIES-REVUE CANADIENNE D ETUDES CINEMATOGRAPHIQUES,10.3138/cjfs.28.1.2019-0012
2015,ANNUAL REVIEW OF CYBERTHERAPY AND TELEMEDICINE 2015: VIRTUAL REALITY IN HEALTHCARE: MEDICAL SIMULATION AND EXPERIENTIAL INTERFACE,10.3233/978-1-61499-595-1-3
2019,INTEGRATED COMPUTER-AIDED ENGINEERING,10.3233/ICA-180586
2018,JOURNAL OF VESTIBULAR RESEARCH-EQUILIBRIUM & ORIENTATION,10.3233/VES-190650
2019,JOURNAL OF VESTIBULAR RESEARCH-EQUILIBRIUM & ORIENTATION,10.3233/VES-190660
2012,Work,10.3233/wor-2012-0442-2201
2020,CMC-COMPUTERS MATERIALS & CONTINUA,10.32604/cmc.2020.09930
2019,ECANCERMEDICALSCIENCE,10.3332/ecancer.2019.910
2020,JOURNAL OF THE KOREAN OPHTHALMOLOGICAL SOCIETY,10.3341/jkos.2020.61.2.125
2019,FRONTIERS IN MARINE SCIENCE,10.3389/fmars.2019.00644
2019,FRONTIERS IN MEDICINE,10.3389/fmed.2019.00287
2020,FRONTIERS IN MEDICINE,10.3389/fmed.2019.00329
2019,FRONTIERS IN AGING NEUROSCIENCE,10.3389/fnagi.2019.00218
2015,FRONTIERS IN NEUROLOGY,10.3389/fneur.2015.00164
2018,FRONTIERS IN NEUROLOGY,10.3389/fneur.2018.00048
2018,FRONTIERS IN NEUROLOGY,10.3389/fneur.2018.00067
2019,FRONTIERS IN NEUROLOGY,10.3389/fneur.2019.01061
2013,FRONTIERS IN HUMAN NEUROSCIENCE,10.3389/fnhum.2013.00580
2017,FRONTIERS IN HUMAN NEUROSCIENCE,10.3389/fnhum.2017.00079
2017,FRONTIERS IN HUMAN NEUROSCIENCE,10.3389/fnhum.2017.00477
2018,FRONTIERS IN HUMAN NEUROSCIENCE,10.3389/fnhum.2018.00420
2019,FRONTIERS IN HUMAN NEUROSCIENCE,10.3389/fnhum.2018.00504
2019,FRONTIERS IN HUMAN NEUROSCIENCE,10.3389/fnhum.2019.00401
2019,FRONTIERS IN HUMAN NEUROSCIENCE,10.3389/fnhum.2019.00417
2015,FRONTIERS IN NEUROSCIENCE,10.3389/fnins.2015.00207
2020,FRONTIERS IN NEUROSCIENCE,10.3389/fnins.2020.00357
2013,FRONTIERS IN PSYCHOLOGY,10.3389/fpsyg.2013.00354
2013,FRONTIERS IN PSYCHOLOGY,10.3389/fpsyg.2013.00946
2015,FRONTIERS IN PSYCHOLOGY,10.3389/fpsyg.2015.00248
2015,FRONTIERS IN PSYCHOLOGY,10.3389/fpsyg.2015.00713
2016,FRONTIERS IN PSYCHOLOGY,10.3389/fpsyg.2016.00268
2016,FRONTIERS IN PSYCHOLOGY,10.3389/fpsyg.2016.01649
2017,FRONTIERS IN PSYCHOLOGY,10.3389/fpsyg.2017.01611
2018,FRONTIERS IN PSYCHOLOGY,10.3389/fpsyg.2017.02321
2018,FRONTIERS IN PSYCHOLOGY,10.3389/fpsyg.2018.01901
2018,FRONTIERS IN PSYCHOLOGY,10.3389/fpsyg.2018.02086
2018,FRONTIERS IN PSYCHOLOGY,10.3389/fpsyg.2018.02265
2019,FRONTIERS IN PSYCHOLOGY,10.3389/fpsyg.2019.01330
2020,FRONTIERS IN PSYCHOLOGY,10.3389/fpsyg.2020.00035
2019,FRONTIERS IN PUBLIC HEALTH,10.3389/fpubh.2019.00116
2016,FRONTIERS IN ROBOTICS AND AI,10.3389/frobt.2016.00043
2016,FRONTIERS IN ROBOTICS AND AI,10.3389/frobt.2016.00074
2017,FRONTIERS IN ROBOTICS AND AI,10.3389/frobt.2017.00003
2017,FRONTIERS IN ROBOTICS AND AI,10.3389/frobt.2017.00011
2017,FRONTIERS IN ROBOTICS AND AI,10.3389/frobt.2017.00042
2019,FRONTIERS IN ROBOTICS AND AI,10.3389/frobt.2019.00050
2019,FRONTIERS IN ROBOTICS AND AI,10.3389/frobt.2019.00084
2019,FRONTIERS IN ROBOTICS AND AI,10.3389/frobt.2019.00104
2020,FRONTIERS IN ROBOTICS AND AI,10.3389/frobt.2020.00004
2020,FRONTIERS IN ROBOTICS AND AI,10.3389/frobt.2020.00020
2020,APPLIED SCIENCES-BASEL,10.3390/app10041427
2020,APPLIED SCIENCES-BASEL,10.3390/app10051668
2020,APPLIED SCIENCES-BASEL,10.3390/app10062026
2020,APPLIED SCIENCES-BASEL,10.3390/app10093012
2020,APPLIED SCIENCES-BASEL,10.3390/app10093182
2019,APPLIED SCIENCES-BASEL,10.3390/app9061182
2019,APPLIED SCIENCES-BASEL,10.3390/app9091919
2019,APPLIED SCIENCES-BASEL,10.3390/app9163384
2019,APPLIED SCIENCES-BASEL,10.3390/app9214652
2020,BRAIN SCIENCES,10.3390/brainsci10010055
2018,COMPUTERS,10.3390/computers7010015
2019,COMPUTERS,10.3390/computers8020039
2018,ELECTRONICS,10.3390/electronics7090171
2019,INTERNATIONAL JOURNAL OF ENVIRONMENTAL RESEARCH AND PUBLIC HEALTH,10.3390/ijerph16224406
2019,ISPRS INTERNATIONAL JOURNAL OF GEO-INFORMATION,10.3390/ijgi8010003
2019,INFORMATION,10.3390/info10050177
2019,INFORMATION,10.3390/info10120386
2020,INFORMATION,10.3390/info11030134
2019,JOURNAL OF CLINICAL MEDICINE,10.3390/jcm8081153
2017,SENSORS,10.3390/s17051112
2018,SENSORS,10.3390/s18092832
2019,SENSORS,10.3390/s19051121
2019,SENSORS,10.3390/s19143063
2020,SENSORS,10.3390/s20041204
2020,SENSORS,10.3390/s20071917
2020,SENSORS,10.3390/s20082168
2020,SENSORS,10.3390/s20082208
2020,SENSORS,10.3390/s20082264
2008,SENSORS,10.3390/s8074350
2019,SUSTAINABILITY,10.3390/su11061605
2019,SUSTAINABILITY,10.3390/su11143894
2019,SUSTAINABILITY,10.3390/su11226453
2020,SUSTAINABILITY,10.3390/su12093823
2018,SYMMETRY-BASEL,10.3390/sym10090400
2019,SYMMETRY-BASEL,10.3390/sym11040476
2020,SYMMETRY-BASEL,10.3390/sym12010053
2016,SYMMETRY-BASEL,10.3390/sym8090093
2017,TECHNOLOGIES,10.3390/technologies5040077
2020,ACTA OF BIOENGINEERING AND BIOMECHANICS,10.37190/ABB-01490-2019-03
2010,BEHAVIOR RESEARCH METHODS,10.3758/BRM.42.2.414
2011,"Attention, Perception, and Psychophysics",10.3758/s13414-011-0170-2
2011,MEMORY & COGNITION,10.3758/s13421-010-0054-z
2011,Memory & Cognition,10.3758/s13421-010-0054-z
2014,BEHAVIOR RESEARCH METHODS,10.3758/s13428-013-0412-4
2015,BEHAVIOR RESEARCH METHODS,10.3758/s13428-014-0463-1
2019,BEHAVIOR RESEARCH METHODS,10.3758/s13428-018-1116-6
2020,BEHAVIOR RESEARCH METHODS,10.3758/s13428-019-01310-5
2020,BEHAVIOR RESEARCH METHODS,10.3758/s13428-019-01336-9
2015,BEILSTEIN JOURNAL OF NANOTECHNOLOGY,10.3762/bjnano.6.220
2016,CHINESE OPTICS LETTERS,10.3788/COL201614.080901
2018,CHINESE JOURNAL OF LIQUID CRYSTALS AND DISPLAYS,10.3788/YJYXS20183301.0085
2017,CURRENT OPTICS AND PHOTONICS,10.3807/COPP.2017.1.5.474
2017,ACTA ACUSTICA UNITED WITH ACUSTICA,10.3813/AAA.919086
2020,KSII TRANSACTIONS ON INTERNET AND INFORMATION SYSTEMS,10.3837/tiis.2020.02.020
2016,JOURNAL OF PEDIATRIC OPHTHALMOLOGY & STRABISMUS,10.3928/01913913-20160511-01
2019,JOURNAL OF PSYCHOSOCIAL NURSING AND MENTAL HEALTH SERVICES,10.3928/02793695-20190430-01
2018,OPHTHALMIC SURGERY LASERS & IMAGING RETINA,10.3928/23258160-20180501-08
2017,INTERNATIONAL JOURNAL OF EMERGING TECHNOLOGIES IN LEARNING,10.3991/ijet.v12i05.6766
2017,ONLINE ENGINEERING & INTERNET OF THINGS,10.3991/ijoe.v13i08.7371
2018,INTERNATIONAL JOURNAL OF ONLINE ENGINEERING,10.3991/ijoe.v14i03.8112
2018,INTERNATIONAL JOURNAL OF ONLINE ENGINEERING,10.3991/ijoe.v14i05.7788
2019,INTERNATIONAL JOURNAL OF ONLINE AND BIOMEDICAL ENGINEERING,10.3991/ijoe.v15i06.9933
2012,BIOMEDICAL ENGINEERING-APPLICATIONS BASIS COMMUNICATIONS,10.4015/S1016237212500391
2016,INTERNATIONAL JOURNAL OF MOBILE AND BLENDED LEARNING,10.4018/IJMBL.2016100104
2016,Information Resources Management Journal,10.4018/IJMBL.2016100104
2014,NEURAL REGENERATION RESEARCH,10.4103/1673-5374.131612
2018,ETRI JOURNAL,10.4218/etrij.2017-0166
2020,ETRI JOURNAL,10.4218/etrij.2019-0284
2018,INTERNATIONAL JOURNAL OF TELEREHABILITATION,10.5195/ijt.2018.6250
2017,ACTA OF BIOENGINEERING AND BIOMECHANICS,10.5277/ABB-00784-2016-02
2018,ACTA OF BIOENGINEERING AND BIOMECHANICS,10.5277/ABB-01082-2018-02
2017,FME TRANSACTIONS,10.5937/fmet1702205S
2020,INFORMATION TECHNOLOGY AND LIBRARIES,10.6017/ital.v39i1.11369
2020,Information Technology & Libraries,10.6017/ital.v39i1.11369
2017,ADCOMUNICA-REVISTA CIENTIFICA DE ESTRATEGIAS TENDENCIAS E INNOVACION EN COMMUNICACION,10.6035/2174-0992.2017.13.12
2018,DYNA,10.6036/8816
2016,REVISTA ICONO 14-REVISTA CIENTIFICA DE COMUNICACION Y TECNOLOGIAS,10.7195/ri14.v24i2.965
2017,NEUROPSYCHOLOGICAL TRENDS,10.7358/neur-2017-021-lean
2014,PEERJ,10.7717/peerj.337
2018,PEERJ,10.7717/peerj.5844
2018,PEERJ,10.7717/peerj.5847
2017,JOURNAL OF THE ACOUSTICAL SOCIETY OF KOREA,10.7776/ASK.2017.36.2.130
2016,MEDIA TROPES,
2015,ASIA LIFE SCIENCES,
2015,ASIA LIFE SCIENCES,
2015,ASIA LIFE SCIENCES,
2015,ANNUAL REVIEW OF CYBERTHERAPY AND TELEMEDICINE,
2013,JOURNAL OF UNIVERSAL COMPUTER SCIENCE,
2011,INTERNATIONAL JOURNAL OF ADVANCED ROBOTIC SYSTEMS,
2009,INFORMATION-AN INTERNATIONAL INTERDISCIPLINARY JOURNAL,
2007,AVIATION SPACE AND ENVIRONMENTAL MEDICINE,
2006,"COOPERATIVE DESIGN, VISUALIZATION, AND ENGINEERING, PROCEEDINGS",
2005,"COMPUTATIONAL SCIENCE - ICCS 2005, PT 1, PROCEEDINGS",
2005,"COOPERATIVE DESIGN, VISUALIZATION, AND ENGINEERING, PROCEEDINGS",
2004,"ADVANCES IN MULTIMEDIA INFORMATION PROCESSING - PCM 2004, PT 3, PROCEEDINGS",
2004,COMPUTER HUMAN INTERACTION: PROCEEDINGS,
2003,AVIATION SPACE AND ENVIRONMENTAL MEDICINE,
2003,GESTURE-BASED COMMUNICATION IN HUMAN-COMPUTER INTERACTION,
2003,JOURNAL OF INTELLIGENT & FUZZY SYSTEMS,
2001,ACTA OTO-LARYNGOLOGICA,
2000,"HANDHELD AND UBIQUITOUS COMPUTING, PROCEEDINGS",
2000,MEDICAL IMAGE COMPUTING AND COMPUTER-ASSISTED INTERVENTION - MICCAI 2000,
2000,VISUAL COMPUTER,
1998,JOURNAL OF VESTIBULAR RESEARCH-EQUILIBRIUM & ORIENTATION,
1998,MEASUREMENTS & CONTROL,
1997,COMPUTER GRAPHICS WORLD,
1996,"MULTIMEDIA, HYPERMEDIA AND VIRTUAL REALITY: MODELS, SYSTEMS, AND APPLICATIONS",
1995,PRESENCE-TELEOPERATORS AND VIRTUAL ENVIRONMENTS,
1995,RADIOLOGE,
1994,COMPUTER GRAPHICS FORUM,
2003,Journal of Intelligent & Fuzzy Systems,
1995,CD-ROM Professional,
2000,IEEE Computer Graphics & Applications,
