"Abd-Alhamid, Fedaa"
"Abdullah, Maria"
"Aburub, AS"
"Agethen, Philipp"
"Agrawal, Ravi"
"Ahamba, Godson"
"Ahn, Yong-Deok"
"Ahrens, Axel"
"Aiken, MP"
"Aksit, K"
"Al Janabi, Hasaneen Fathy"
"Aldaba, Cassandra N."
"Alfaro, Luis"
"Alghamdi, Najood"
"Alhalabi, Wadee S."
"Ali, Almaas A."
"Allen, Brian"
"Almajid, R"
"Almousa, Omamah"
"Alrehaili, Enas Abdulrahman"
"Alsaeedi, Nassr"
"Alshaer, Abdulaziz"
"Ambron, Elisabetta"
"Amemiya, Tomohiro"
"Ames, SL"
"Ammann, Jeanine"
"Anglin, J. M."
"Antoniac, P"
"Aoki, H"
"Appel, Lora"
"Arcioni, Benjamin"
"Argyriou, Lemonia"
"Arias, P"
"Asakura, Takumi"
"Atzori, Barbara"
"Avila, Lisa"
"Avola, Danilo"
"Aykut, Tamay"
"Ba√±os, R. M."
"Bae, Yoosung"
Baek-Hwan Cho
"Bahat, Hilla Sarig"
"Bahat, HS"
"Bahirat, Kanchan"
"Bai, Jianying"
"Bailey, Jakki O."
"Bailey, JO"
"Baker, Steven"
"Banaei, Maryam"
"Banakou, D"
"Banville, Frederic"
"Baqai, Attiya"
"Baram, Y"
"Barniv, Yair"
"Barreiros, Jose"
"Barrera, S"
"Baumann, S"
"Baumann, Stephen"
"Baumeister, James"
"Beams, Ryan"
"Bedard, Philippe"
"Bell, Joshua D."
"Bergstroem, Ilias"
"Bhargava, A"
"Bhargava, Ayush"
"Bibic, Lucka"
"Bing, Eric G."
"Bird, Jonathan M."
"Birkfellner, W"
"Blissing, Bj√∂rn"
"Blissing, Bjorn"
"Bochenek, GM"
"Bordegoni, Monica"
"Borrego, Adrian"
"Borrego, Adrin"
"Boylan, Patrick"
"Brizzi, Filippo"
"Brouwer, Anne-Marie"
"Bruder, G"
"Bruno, Fabio"
"Bruns, Conner R."
"Burns, CG"
"Burwell, C"
"Buttussi, Fabio"
"Buyuksalih, Gurcan"
"Byagowi, A"
"Cakiroglu, Unal"
"Calogiuri, Giovanna"
"Cameron, AA"
"Campos, JL"
"Cao, Shi"
"Cardoso, Jorge C. S."
"Carmen Juan, M. -"
"Carnegie, Kieran"
"Caserman, Polona"
"Casey, Peter"
"Castro-Gonzalez, David"
"Castruccio, Stefano"
"Cecil, J."
"Celikcan, U"
"Cha, Ho-Seung"
"Cha, Seung Hyun"
"Cha, Young-Woon"
"Chan, ZYS"
"Chandaria, J"
"Chandler, DL"
"Chang, Chen-Wei"
"Chaudhary, Ayesha Hoor"
"Checa, David"
"Chen, Xiaoming"
"Chen, Yu-Li"
"Chen, Zhidong"
"Cheng, Kun-Hung"
"Chessa, Manuela"
"Chevaldonne, M"
"Chheang, V"
"Chiarovano, E"
CHING-LING FAN
"Chittaro, L"
"Chittaro, Luca"
"Cho, Baek-Hwan"
"Cho, BH"
"Cho, Hye-Seung"
"Choe, Mungyeong"
"Choi, Hee-Soo"
"Choi, Hojong"
"Choi, JD"
"Choi, Kang-min"
"Choi, Song-Woo"
"Cholewiak, Steven A."
"Chou, Ping-Yen"
"Chu, Veronica C."
"Chung, Hyun Chae"
"Cikajlo, Imre"
"Cipresso, Pietro"
"Clark, Andrew J."
"Clark, Logan D."
"Clifton, Jeremy"
"Cobb, SVG"
"Cochrane, Thomas"
"Cometti, Carole"
"Commins, Sean"
"Conradi, Jessica"
"Cook, Henry E."
"Cook, Matt"
"Cosma, Giovanni"
"Cowie, Dorothy"
"Coxon, Matthew"
"Crosbie, J. H."
"Crosbie, JH"
"Cui, Xiaoyu"
"Curry, Christopher"
"Czub, Marcin"
"Daga, Fablo B."
"Dahlquist, LM"
"Dahlquist, Lynnda M."
"Dang, Bryan K."
"David, Y"
"Davidenko, Nicolas"
"de Clercq, Koen"
"de Jesus Oliveira, Victor Adriel"
"de la Pena, N"
"de la Riviere, JB"
"De Paolis, Lucio Tommaso"
"Deb, Shuchisnigdha"
"Deemer, Ashley D."
"Del Verme, Laura"
"Dennison, Mark"
"Dennison, Mark S."
"Dennison, Mark Stephen"
"Desselle, Mathilde R."
"Di Girolamo, S"
"Dietrichkeit, Mona"
"Ding, Ding"
"Dinis, Fabio Matoseiro"
"Dodds, TJ"
"Doerr, KU"
"Dorozhkin, Denis"
"Draelos, Mark"
"Du, Jing"
"Duh, HBL"
"Durgin, FH"
"Edwards, Bosede Iyiade"
"Egger, Jan"
"Eisapour, M"
"El Jamiy, Fatima"
"Ellis, A."
"Ellman, Asko"
"Elor, Aviv"
"El-Seoud, Samir A."
"Emura, S"
"Encarnacao, L. Miguel"
"Erra, Ugo"
"Esteves, Augusto"
"Fabroyir, Hadziq"
"Fairen, M"
"Fan, Ching-Ling"
"Fan, CL"
"Fang, Sandra"
"Fanini, Bruno"
"Farago, P"
"Farah, Maya F."
"Farra, Sharon L."
"FEINER, S"
"Feldstein, Ilja T."
"Feldstein, IT"
"Fernandez Herrero, Jorge"
"Ferrari, V"
"Ferrari, Vincenzo"
"Ferrer, CDR"
"Ferrer-Garcia, Marta"
"Figueiredo, Lucas"
"Filter, E"
"Flavi√°n, Carlos"
"Flavian, Carlos"
"Fluke, C. J."
"Foerster, Rebecca M."
"Franklin, J."
"Fransson, Goran"
"Frederiksen, Joakim Grant"
"Freeman, D"
"Freina, Laura"
"Freitag, Sebastian"
"Friston, Sebastian"
"FROHLICH, B"
"Frost, Megan"
"Gadia, Davide"
"Gallagher, Maria"
"Ganni, Sandeep"
"Gao, Hongyue"
"Garcia, AS"
"Garcia-Hernandez, Ruben Jesus"
"Gatica-Rojas, V"
"Gautier, Estelle Jean dit"
"Gavarkovs, Adam G."
"Gavgani, Alireza Mazloumi"
"Geelhoed, E"
"Gerber, Stephan M."
"Gerig, Nicolas"
"Geuss, Michael N."
"Ghita, Alexandra"
"Ghosh, Sarthak"
"Gibby, Jacob T."
"Gilson, SJ"
"Giphart, JE"
"Girard, B"
"Girard, Benoit"
"Gleasure, Rob"
"Gogouvitis, X. V."
"Gold, Jeffrey I."
"Gold, JI"
"Golding, Dan"
"Gomez, Jocelyn"
"Goncalves, G"
"Goncalves, Guilherme"
"Gong, XL"
"Gonzalez-Franco, Mar"
"Gootjes-Dreesbach, Luise"
"Gordon, NS"
"Grabowski, A"
"Grechkin, TY"
"Greene, David"
"Greunke, Larry"
"Griffin, Tom"
"Grogorick, Steve"
"Groves, Leah A."
"Grubert, Jens"
"Grudzewski, Filip"
"Gruenbaum, PE"
"Gu, Jiaxi"
"Guna, Jo≈æe"
"Guna, Joze"
"Guo, Jichengsi"
"Guo, Jie"
"Guynup, S."
"Ha, Hyeyoung"
"Ha, Suk-Gyu"
"Hadipriono, Fabian C."
"Hadipriono, FC"
"Hagio, Shota"
"Hagita, Katsumi"
"Hahn, Jim F."
"Halabi, Osama"
"Halik, Lukasz"
"Han, Bo"
"Han, Insook"
"Han, Jungmin"
"Han, Ping-Hsuan"
"Hand, C"
"Hanna, G"
"Harjunen, Ville J."
"He, Zehao"
"Heineken, E"
"Hejtmanek, Lukas"
"Helsel, S"
"Hensen, Benedikt"
"Henshall, Gareth I."
"Heydrich, L"
"Hill, KJ"
"Hirota, Masakazu"
"Hladky, J."
"Hladky, Jozef"
"Ho, Derek Kwun-hong"
"Ho, Li-Hsing"
"Hodgson, E"
"Hodrien, Andrew"
"Hoffman, David M."
"Hoffman, HG"
"Hoffman, Hunter G."
"Hong, Joo Young"
"Hornsey, Rebecca L."
"Hou, Xueshi"
"Howard, Matt C."
"Howarth, PA"
"Howes, Sarah C."
"Hoyano, Kengo"
"Hu, B"
"Hu, Ping"
"Hu, Qiang"
"Hu, Zhiming"
"Hua, Hong"
Huai Yongjian
"Huang, Fei-Hui"
"Huang, Jiawei"
"Huang, SF"
"Huang, Weibo"
"Huang, Wen"
"Huang, WS"
"Huang, Xianwei"
"Huber, T."
"Huber, Tobias"
"Huffman, Derek J."
"Hui, Zhang"
"Huo, Yongkai"
"Ida, Hirofumi"
"Ijaz, Kiran"
"Inamura, Tetsunari"
"Irlitti, Andrew"
"Ito, Kenichiro"
"Ito, Masaru"
"Jallouli, Anas"
"Jang, Ho Jin"
"Jang, Ju Yeun"
"Jang, Woncheol"
"Jang, Y"
"Jang, Youngkyoon"
"Jankowski, J"
"Jankowski, Jaros?aw"
"Jansen, Wouter"
"Jarsaillon, Pierre J."
"Jeon, Bomyi"
"Jeon, Jin Yong"
"Jeong, Kisung"
"Jeong, Seongwook"
"Jeppsson, Mattis"
"Jerald, Jason"
"Ji, Haru Hyunkyung"
"Jiang, Haiyan"
"Jimenez Fernandez-Palacios, Belen"
"Jin, Haiyan"
"Jo, Hyun In"
"Johnson, Sarah"
"Johnston, Angus P. R."
"Jones, Ted"
"Joseph, A"
"Jost, Patrick"
"Jost, Tyler A."
"Jota, R"
"Juan, MC"
"Juliano, Julia M."
"Jun, Hyun-Kyu"
"Jung, Jinki"
"Jung, Su-min"
"Jung-Ho, Kim"
"Jurda, Mikolas"
"Jurkojc, Jacek"
"Kalarat, Kosin"
"Kang, HK"
"Kang, Hyunjeong"
"Kang, Jiyoung"
"Kang, YJ"
"Kang, Youn Joo"
"Kaplanyan, Anton S."
"Kardong-Edgren, Suzan"
"Kastanis, I"
"Kathner, I"
"Katsigiannis, Stamos"
"Kawara, T"
"Kazempourradi, Seyedmandi"
"Keiriz, Johnson J. G."
"Kellner, F"
"Kelly, Jonathan W."
"Kerin, Mairi"
"Kern, Angelika C."
"Kersten, Thomas Peter"
"Kesavadas, T."
"Kesztyues, T.I."
"Kesztyues, TI"
"Keum, Nack-Hyeon"
"Khan, Muhammad Sikandar Lal"
"Kilteni, K"
"Kim, Aram"
"Kim, Gyeonghoon"
"Kim, Hyunjeong"
"Kim, Hyun-Wook"
"Kim, J"
"Kim, J. Y."
"Kim, Jinmo"
"Kim, Jungho"
"Kim, Jung-Ho"
"Kim, JY"
"Kim, K"
"Kim, Kwanguk"
"Kim, Mugeon"
"Kim, MyoungGon"
"Kim, Nam-Gyoon"
"Kim, Seongki"
"Kim, Soo-Kyun"
"Kim, Yong Sun"
"Kimura, Kazushige"
"Kinateder, Max"
"Kishore, Sameer"
"Klippel, Alexander"
"Knaut, LA"
"Kolivand, Hoshang"
"Komachi, Y"
"Komura, Taku"
"Kooijman, Lars"
"Korves, B"
"Kot, Tomas"
"Koulieris, G. A."
"Kounlaxay, K"
"Kourtesis, Panagiotis"
"Kovalev, AI"
"Kozulin, P"
"Kramberger, Iztok"
"Kramer, PD"
"Kramida, Gregory"
"Kraus, M."
"Krichenbauer, Max"
"Krijn, M"
"Krokos, Eric"
"Kroupa, Jiri"
"Kuang, Ying"
"Kuiper, Ouren X."
"Kumar, Pavan B. N."
"Kuno, S"
"Kunz, BR"
"Kwon, Chongsan"
"Kwon, Oh-Hyun"
"Laaki, Heikki"
"Laha, B"
"Lamour, R"
"Langbehn, Eike"
"Lanman, D"
"Laurell, Christofer"
"Lavoie, Raymond"
"Leanza, Federica"
"Lee, Byong Kwon"
"Lee, Donggeon"
"Lee, Eun-Young"
"Lee, Jiwon"
"Lee, Juyoung"
"Lee, KF"
"Lee, RG"
"Lee, Sang Hwa"
"Lee, Sang Hyeok"
"Lee, SH"
"Lee, Sungjin"
"Lee, SY"
"Lee, Yea Som"
"Leinen, P"
"Leotta, Alfio"
"Leyrer, M"
"Li, Changyang"
"Li, Dan"
"Li, G"
"Li, H"
"Li, HJ"
"Li, Jing"
"Li, Ranyang"
"Li, XG"
"Li, Z"
"Liang, Hai-Ning"
"Liang, Hui"
"Liang, Mingli"
"Liang, Zhipeng"
"Lin, Chiuhsiang J."
"Lin, Chiuhsiang Joe"
"Lin, CJ"
"Lin, CL"
"Lin, CS"
"Lin, QF"
"Ling, Y"
"Liu, Qiang"
"Livatino, S"
"Livatino, Salvatore"
"Liverani, A"
"Llobera, J"
"Lombart, Cindy"
"Lott, A"
"Lott, Alison"
"Lou, JW"
"Louison, C√©phise"
"Louison, Cephise"
"Loup, Guillaume"
"Lubetzky, Anat V."
"Lubetzky, Anat, V"
"Lubetzky, AV"
"Lucas, Jason"
"Lungaro, Pietro"
"Luo, Bicheng"
"Luo, Haizhen"
"Luo, Hao"
"Lupu, Robert Gabriel"
"Lv, Zhihan"
"M√ºhlberger, Andreas"
"Ma, Junfeng"
"Maereg, Andualem Tadesse"
"Magdalon, EC"
"Maimone, Andrew"
"Makransky, Guido"
"Malkawi, AM"
"Maloca, Peter M."
"Malpica, S."
"Manders, C"
"Mania, K"
"Mania, Katerina"
"Maniam, Pavithran"
"Maples-Keller, Jessica L."
"Marchetto, Jonathan"
"Marin-Morales, Javier"
"Markus, LA"
"Marner, Michael R."
"Marran, L"
"Marsh, T"
"Marsh, Tim"
"Mart√≠nez-Navarro, Jesus"
"Martel, Erin"
"Martinez Soto, Juan Manuel"
"Martinez-Navarro, Jesus"
"Masumoto, J"
"Matani, A"
"Matsuo, A"
"Matsushima, Toshiharu"
"Mattila, Osmo"
"Matzen, Kevin"
"McBride, CM"
"McGill, Mark"
"Mehra, R"
"Melo, Miguel"
"Mendez, MF"
"Meng, Xiaoxu"
"Menshikova, Galina Ya."
"Menzies, R. J."
"Mercado Borja, William Enrique"
"Micarelli, Alessandro"
"Micaroni, Lorenzo"
"Mihajlovic, Zeljka"
"Mihalik, JP"
"Mikropoulos, Tassos A."
"Mirhosseini, Seyedkoosha"
"Mirzaei, MA"
"Mirzaei, Mohammadreza"
"Mittelstaedt, Justin"
"Mittelstaedt, Justin Maximilian"
"Mol, Jantsje M."
"Monna, Fabrice"
"Monteiro, Diego"
"Mon-Williams, M"
"Moreno, R"
"Morina, N"
"Moro, Christian"
"Morse, SE"
"Mosso V√°zquez, Jos√© Luis"
"Mosso Vazquez, Jose Luis"
"Mousas, Christos"
"Muhlberger, A"
"Mujber, TS"
"Munafo, Justin"
"Myall, DJ"
"Na, Woongsoo"
"Naceri, A"
"Nagahara, H"
"Nagao, Ryohei"
"Nai, Weizhi"
"Naish, Jonathan"
"Nakano, C. Masato"
"Nalivaiko, E"
Name
"Nanjappan, Vijayakumar"
"Narciso, David"
"Navab, Nassir"
"Navarro-Haro, Maria V."
"Naylor, Matthew"
"Neale, H"
"Nee, AYC"
"Nehrujee, Aravind"
"Nelson, KM"
"Nesbitt, Keith"
"Neubauer, Daniel"
"Newbutt, Nigel"
"Ng, Adrian K. T."
"Nguyen, Brian J."
"Nguyen, D. V."
"Nichols, S"
"Niehorster, Diederick C."
"Nilsson, Niels Christian"
"Niwa, Kenta"
"Nomura, Yoshihiko"
"NoName,"
"Normand, JM"
"Norrby, M"
"North, Max M."
"Nunnerley, Joanne"
"Nussipova, Gulnar"
"Nyberg, L"
"Nyberg, Lars"
"Odin, Anais"
"Okura, F"
"Olszewski, Kyle"
"Ong, S. K."
"Osumi, M."
"Osumi, Michihiro"
"Otkhmezuri, Boris"
"Ott, Renaud"
"Ouellet,√â"
"Padmanaban, Nitish"
"Pagano, A"
"Pai, Yun Suen"
"Palmisano, Stephen"
"Pan, CX"
"Pan, Ye"
"Papaefthymiou, Margarita"
"Pardo, Pedro J."
"Parham, Groesbeck"
"Park, Gangrae"
"Park, Jeong Hye"
"Park, Jin-Woo"
"Park, Kyeong-Beom"
"Park, Kyudong"
"Park, San"
"Park, Taiwoo"
"Park, Wonjun"
"Parkhomenko, Egor"
"Parmar, Dhaval"
"Pasqualini, I"
"Pastel, S"
"Patney, Anjul"
"Peck, Tabitha C."
"Penumudi, Sai Akhil"
"Peperkorn, Henrik M."
"Perez, Daniel"
"Perrin, Theo"
"Petkov, K"
"Peukert, C"
"Peukert, Christian"
"Pfurtscheller, G"
"Piccione, Joseph"
"Pierno, AC"
"Ping, Jiamin"
"Pirker, Johanna"
"Piryankova, IV"
"Piskorz, Joanna"
"Plechata, Adela"
"Pollard, Kimberly A."
"Polonen, M"
"Popovski, Filip"
"Porras-Garcia, Bruno"
"Portales, C"
"Pozeg, Polona"
"Preuss, Nora"
"Pritchard, Stephen C."
"Proffitt, Rachel"
"Pulijala, Y."
"Pulijala, Yeshwanth"
"Punpongsanon, Parinya"
"Puyana-Romero, Virginia"
"Qidwai, Uvais"
"Quinlivan, Brendan"
"Rafique, Muhammad Usman"
"Ragan, ED"
"Ragan, Eric D."
"Ramirez Alvarado, Maria del Mar"
"Ramsayer, B"
"Ramsey, Eleanor"
"Rand, D"
"Rangelova, Stanislava"
"Raptis, George E."
"Ratamero, Erick Martins"
"Regan, Matthew"
"Regenbrecht, H"
"Regia-Corte, T"
"Reichenberger, Jonas"
"Reinhart, G"
"Remond, J-J"
"Ren, Pu"
"Riecke, BE"
"Rigas, Ioannis"
"Rigutti, Sara"
"Risi, Dante"
"Ritz, Leah T."
"Riva, G"
"Riva, Giuseppe"
"Rizzo, A.A."
"Rizzo, AA"
"Rizzuto, Michael A."
"Robert, Maxime T."
"Roberts, Gillian"
"Roberts, Jonathan C."
"ROBINETT, W"
"Roessler, Andreas"
"Roettl, Johanna"
"Rojo, Diego"
"Romero, G"
"Ronchi, Enrico"
"Ronkko, J"
"Roquet, Paul"
"Rosa, Pedro J."
"Rose, Vienna"
"Rosen, Eric"
"Rossi, Henrique"
"Roth, Thorsten"
"RU, JR"
"Rubio Tamayo, Jose Luis"
"Ruddle, RA"
"Ruddle, Roy"
"Rueger, Christoph"
"Rupp, Michael A."
"Ryu, J"
"Ryu, Jaeyeol"
"Sagardia, Mikel"
"Sakhare, Ashwin R."
"Saldana, Santiago J."
"Salomoni, Paola"
"Sanchez-Herrera-Baeza, P"
"Sankaranarayanan, Ganesh"
"Sarig-Bahat, H"
"Sarlat, L"
"Sasaki, Takashi"
"Sasinka, Cenek"
"Satava, RM"
"Sauer, Igor M."
"Sayed, Ahmed M."
"Schatzschneider, Christian"
"Schmohl, S"
"Schnack, Alexander"
"Schneider, Daniel"
"Schneider, E"
"Schneider, SM"
"Schneider, Susan M."
"Schoeffler, M"
"Schultheis, MT"
"Segura, √Ålvaro"
"Segura, Alvaro"
"Seibert, Jonmichael"
"Semeraro, F"
"Seo, Min-Woo"
"Seo, Seung-hun"
"Serafin, Stefania"
"Seward, AE"
"Shafer, Daniel M."
"Sharples, S"
"Shattuck, David W."
"SHAW, C"
"Shen, Chien-wen"
"Shen, Jie(Doreen)"
"Shen, Y"
"Shen, Yiran"
"Shimokawa, Kazuma"
"Shin, Jongkyu"
"Shu, Yu"
"Sidanin, Predrag"
"Siess, Andreas"
"Silva, Gustavo R."
"Silva, Igor Macedo"
"Simon, Sofia C."
"Simone, Lisa K."
"Simone, LK"
"Simpson, G"
"Simpson, Gordon"
"Skavern, Hege"
"Slater, Mel"
"Smith, Ashley"
"Smolyanskiy, Nikolai"
"So, RHY"
"Sohn, Bong-Soo"
"Soltan, Ahmed"
"Somrak, Andrej"
"Soomro, Shoaib R."
"Sousa Santos, B"
"Spanlang, Bernhard"
"Spitzley, Kate A."
"Spjut, Josef"
"Sportillo, Daniele"
"Srivastava, Priyanka"
"Stanney, Kay"
"Starr, Christine R."
"Starrett, Michael J."
"Steed, Anthony"
"Stein, C"
"Steinicke, F"
"Stengel, Michael"
"Stepan, Katelyn"
"Stone, RJ"
"Stupar-Rutenfrans, Sne≈æana"
"Stupar-Rutenfrans, Snezana"
"Subramanian, SK"
"Suencksen, Matthias"
"Sugita, N"
"Sumantri, Eric"
"Sun, Chengyu"
"Sun, Qi"
"Suzuki, Keisuke"
"Suzuki, Y"
"Swinkels, Lieke M. J."
"Syawaludin, MF"
"Szpak, Ancret"
"Tabrizian, Payam"
"Tai, Tzu-Yu"
"Takahashi, K"
"Takeuchi, Naoyuki"
"Tamura, Hideyuki"
"Tamura, Yuichi"
"TAN, WC"
"Tashev, Ivan J."
"Taylor W. Cleworth, Brian C. Horslen, Mark G. Carpenter"
"Teramoto, W"
"Tham, Jason"
"Thies, Justus"
"Thomas, BH"
"Thomas, James S."
"Thompson-Butel, Angelica G."
"Tibaldi, A."
"Tidoni, Emmanuele"
"Tieri, Gaetano"
Tingting Lei
"Tong, Jonathan"
"Traill, DM"
"Tran, Huyen T. T."
"Tremmel, Christoph"
"Troger, C"
"Trojan, J"
"Trombetta, Mateus"
"Tschirschwitz, Felix"
"Tse, Mimi M.Y."
"Tumialis, Alexey"
"Turban, Laura"
"Ucar, Erdem"
"Valzolgher, Chiara"
"van der Hooft, Jeroen"
"Vertemati, Maurizio"
"Viaud-Delmon, I"
"Vienne, Cyril"
"Vieri, Carlin"
"Vincent, DS"
"Virtanen, Juho-Pekka"
"Vitali, Andrea"
"Viziano, Andrea"
"VOLTER, S"
"Vosinakis, Spyros"
"Wagner, A"
"Walcutt, Noah L."
"Waltemate, Thomas"
Wang Ze-wei
"Wang, Chen"
"Wang, J"
"Wang, Lili"
"Wang, Peng"
"Wang, Qiyue"
"Wang, Yan"
"Wang, Yunqi"
"Watanabe, Kandai"
"Webb, NA"
"Weber, Lynne M."
"Weech, Seamas"
"Weier, Martin"
"Wender, Carly L. A."
"Wendt, M"
Wenjie Zou
"Wiederhold, Mark D."
"Wiesing, M"
"Willemsen, P."
"Williams, B"
"Wilson, JR"
"Wischgoll, Thomas"
"Wodarski, Piotr"
"Wolf, Dennis"
"Woods, Andrew"
"Worley, Julie"
"Wren, Christopher R."
"Wright, WG"
"Wroblewski, D"
"Wrzesien, M"
"Wu, Bo-Jyun"
"Wu, Chien-Min"
"Wu, Dai-Yun"
"Wu, JR"
"Wu, Meng-Lin"
"Wuehr, Max"
"Xu, Wenge"
"Xu, X"
"Yabuki, N"
"Yamaguchi, Masahiro"
"Yamashita, Takuzo"
"Yambe, T"
"Yang, JC"
"Yang, Tong"
"Yang, U"
"Yang, Ungyeon"
"Yao, Zhaolin"
"Yasuda, Kazuhiro"
"Yasui, Kento"
"Yavrucuk, I"
Ye Weibing
"Ye, Quan"
"Ye, Yan"
"Yeh, TP"
"Yildirim, Cagdas"
"Yildirim, Caglar"
"Yoon, HJ"
"Yoon, Jeong Hwan"
"Youn, JH"
"Yu, Difeng"
"Yu, Mengli"
"Yu, Xinge"
"Yuan, Sze Ngar Vanessa"
"Yussof, H"
"Zaleski-King, Ashley"
"Zapf, Marc Patrick H."
"Zapf, MPH"
"Zare, Alireza"
"Zarraonandia, Telmo"
Zeng Zongshun
"Zeroth, Julia A."
"Zhai, Xiaojun"
"Zhan, Tao"
"Zhang, Jimmy F."
"Zhang, Meng-Jia"
"Zhang, Yingxue"
"Zhang, Yuxuan"
"Zhang, Zhenliang"
"Zhao, Jing"
"Zhao, QL"
"Zhong, Fangcheng"
"Zhou, Chao"
"Zhu, Lifeng"
"Zhu, Xiaoqiang"
"Zhu, Yu"
"Zhu, Yucheng"
"Ziak, Peter"
"Zink, Michael"
"Zou, Wenjie"
